"row_kind","id","name","component","tier","purchase","from_level","to_level","credits_cost","data_cost","result_value","result_unit","total_power_mw","idle_draw_mw","power_delta_mw","psu_capacity_mw","psu_capacity_delta_mw","power_cost_per_second","listing_scope","notes"
"upgrade_tier","clock","Core Clock","cpu","2","1","1","2","14","0","1.5","Hz core clock","1.258","","0.551","","","","expanded through catalog CPU clock level 36; in-game curve is uncapped","Per targeted core. All-core targeting multiplies cost and power delta by selected core count."
"upgrade_tier","clock","Core Clock","cpu","3","2","2","3","24","0","2.1","Hz core clock","2.001","","0.680","","","","expanded through catalog CPU clock level 36; in-game curve is uncapped","Per targeted core. All-core targeting multiplies cost and power delta by selected core count."
"upgrade_tier","clock","Core Clock","cpu","4","3","3","4","41","0","3","Hz core clock","2.969","","0.968","","","","expanded through catalog CPU clock level 36; in-game curve is uncapped","Per targeted core. All-core targeting multiplies cost and power delta by selected core count."
"upgrade_tier","clock","Core Clock","cpu","5","4","4","5","71","0","4.4","Hz core clock","4.424","","1.455","","","","expanded through catalog CPU clock level 36; in-game curve is uncapped","Per targeted core. All-core targeting multiplies cost and power delta by selected core count."
"upgrade_tier","clock","Core Clock","cpu","6","5","5","6","123","0","6.4","Hz core clock","6.501","","2.078","","","","expanded through catalog CPU clock level 36; in-game curve is uncapped","Per targeted core. All-core targeting multiplies cost and power delta by selected core count."
"upgrade_tier","clock","Core Clock","cpu","7","6","6","7","211","0","9.3","Hz core clock","9.524","","3.022","","","","expanded through catalog CPU clock level 36; in-game curve is uncapped","Per targeted core. All-core targeting multiplies cost and power delta by selected core count."
"upgrade_tier","clock","Core Clock","cpu","8","7","7","8","362","0","13.5","Hz core clock","13.937","","4.413","","","","expanded through catalog CPU clock level 36; in-game curve is uncapped","Per targeted core. All-core targeting multiplies cost and power delta by selected core count."
"upgrade_tier","clock","Core Clock","cpu","9","8","8","9","623","0","19.5","Hz core clock","20.323","","6.386","","","","expanded through catalog CPU clock level 36; in-game curve is uncapped","Per targeted core. All-core targeting multiplies cost and power delta by selected core count."
"upgrade_tier","clock","Core Clock","cpu","10","9","9","10","1072","0","28.3","Hz core clock","29.801","","9.479","","","","expanded through catalog CPU clock level 36; in-game curve is uncapped","Per targeted core. All-core targeting multiplies cost and power delta by selected core count."
"upgrade_tier","clock","Core Clock","cpu","11","10","10","11","1845","0","41.1","Hz core clock","43.788","","13.987","","","","expanded through catalog CPU clock level 36; in-game curve is uncapped","Per targeted core. All-core targeting multiplies cost and power delta by selected core count."
"upgrade_tier","clock","Core Clock","cpu","12","11","11","12","3173","0","59.6","Hz core clock","64.317","","20.529","","","","expanded through catalog CPU clock level 36; in-game curve is uncapped","Per targeted core. All-core targeting multiplies cost and power delta by selected core count."
"upgrade_tier","clock","Core Clock","cpu","13","12","12","13","5457","0","86.4","Hz core clock","94.516","","30.199","","","","expanded through catalog CPU clock level 36; in-game curve is uncapped","Per targeted core. All-core targeting multiplies cost and power delta by selected core count."
"upgrade_tier","clock","Core Clock","cpu","14","13","13","14","9386","0","125.3","Hz core clock","139.015","","44.499","","","","expanded through catalog CPU clock level 36; in-game curve is uncapped","Per targeted core. All-core targeting multiplies cost and power delta by selected core count."
"upgrade_tier","clock","Core Clock","cpu","15","14","14","15","16144","0","181.6","Hz core clock","204.386","","65.371","","","","expanded through catalog CPU clock level 36; in-game curve is uncapped","Per targeted core. All-core targeting multiplies cost and power delta by selected core count."
"upgrade_tier","clock","Core Clock","cpu","16","15","15","16","27767","0","263.3","Hz core clock","300.623","","96.237","","","","expanded through catalog CPU clock level 36; in-game curve is uncapped","Per targeted core. All-core targeting multiplies cost and power delta by selected core count."
"upgrade_tier","clock","Core Clock","cpu","17","16","16","17","47759","0","381.8","Hz core clock","442.166","","141.543","","","","expanded through catalog CPU clock level 36; in-game curve is uncapped","Per targeted core. All-core targeting multiplies cost and power delta by selected core count."
"upgrade_tier","clock","Core Clock","cpu","18","17","17","18","82145","0","553.7","Hz core clock","650.273","","208.107","","","","expanded through catalog CPU clock level 36; in-game curve is uncapped","Per targeted core. All-core targeting multiplies cost and power delta by selected core count."
"upgrade_tier","clock","Core Clock","cpu","19","18","18","19","141290","0","802.8","Hz core clock","955.784","","305.511","","","","expanded through catalog CPU clock level 36; in-game curve is uncapped","Per targeted core. All-core targeting multiplies cost and power delta by selected core count."
"upgrade_tier","clock","Core Clock","cpu","20","19","19","20","243019","0","1164.1","Hz core clock","1404.463","","448.679","","","","expanded through catalog CPU clock level 36; in-game curve is uncapped","Per targeted core. All-core targeting multiplies cost and power delta by selected core count."
"upgrade_tier","clock","Core Clock","cpu","21","20","20","21","417993","0","1688","Hz core clock","2062.925","","658.462","","","","expanded through catalog CPU clock level 36; in-game curve is uncapped","Per targeted core. All-core targeting multiplies cost and power delta by selected core count."
"upgrade_tier","clock","Core Clock","cpu","22","21","21","22","718947","0","2447.5","Hz core clock","3028.606","","965.680","","","","expanded through catalog CPU clock level 36; in-game curve is uncapped","Per targeted core. All-core targeting multiplies cost and power delta by selected core count."
"upgrade_tier","clock","Core Clock","cpu","23","22","22","23","1236589","0","3548.9","Hz core clock","4444.672","","1416.066","","","","expanded through catalog CPU clock level 36; in-game curve is uncapped","Per targeted core. All-core targeting multiplies cost and power delta by selected core count."
"upgrade_tier","clock","Core Clock","cpu","24","23","23","24","2126933","0","5145.9","Hz core clock","6520.082","","2075.410","","","","expanded through catalog CPU clock level 36; in-game curve is uncapped","Per targeted core. All-core targeting multiplies cost and power delta by selected core count."
"upgrade_tier","clock","Core Clock","cpu","25","24","24","25","3658325","0","7461.6","Hz core clock","9560.803","","3040.721","","","","expanded through catalog CPU clock level 36; in-game curve is uncapped","Per targeted core. All-core targeting multiplies cost and power delta by selected core count."
"upgrade_tier","clock","Core Clock","cpu","26","25","25","26","6292319","0","10819.3","Hz core clock","14014.054","","4453.251","","","","expanded through catalog CPU clock level 36; in-game curve is uncapped","Per targeted core. All-core targeting multiplies cost and power delta by selected core count."
"upgrade_tier","clock","Core Clock","cpu","27","26","26","27","10822789","0","15688","Hz core clock","20533.989","","6519.935","","","","expanded through catalog CPU clock level 36; in-game curve is uncapped","Per targeted core. All-core targeting multiplies cost and power delta by selected core count."
"upgrade_tier","clock","Core Clock","cpu","28","27","27","28","18615198","0","22747.6","Hz core clock","30076.632","","9542.642","","","","expanded through catalog CPU clock level 36; in-game curve is uncapped","Per targeted core. All-core targeting multiplies cost and power delta by selected core count."
"upgrade_tier","clock","Core Clock","cpu","29","28","28","29","32018140","0","32984.1","Hz core clock","44039.333","","13962.701","","","","expanded through catalog CPU clock level 36; in-game curve is uncapped","Per targeted core. All-core targeting multiplies cost and power delta by selected core count."
"upgrade_tier","clock","Core Clock","cpu","30","29","29","30","55071201","0","47826.9","Hz core clock","64463.396","","20424.063","","","","expanded through catalog CPU clock level 36; in-game curve is uncapped","Per targeted core. All-core targeting multiplies cost and power delta by selected core count."
"upgrade_tier","clock","Core Clock","cpu","31","30","30","31","94722466","0","69349","Hz core clock","94331.310","","29867.915","","","","expanded through catalog CPU clock level 36; in-game curve is uncapped","Per targeted core. All-core targeting multiplies cost and power delta by selected core count."
"upgrade_tier","clock","Core Clock","cpu","32","31","31","32","162922642","0","100556","Hz core clock","137998.825","","43667.514","","","","expanded through catalog CPU clock level 36; in-game curve is uncapped","Per targeted core. All-core targeting multiplies cost and power delta by selected core count."
"upgrade_tier","clock","Core Clock","cpu","33","32","32","33","280226943","0","145806.2","Hz core clock","201826.831","","63828.006","","","","expanded through catalog CPU clock level 36; in-game curve is uncapped","Per targeted core. All-core targeting multiplies cost and power delta by selected core count."
"upgrade_tier","clock","Core Clock","cpu","34","33","33","34","481990343","0","211419","Hz core clock","295102.280","","93275.449","","","","expanded through catalog CPU clock level 36; in-game curve is uncapped","Per targeted core. All-core targeting multiplies cost and power delta by selected core count."
"upgrade_tier","clock","Core Clock","cpu","35","34","34","35","829023390","0","306557.6","Hz core clock","431382.336","","136280.056","","","","expanded through catalog CPU clock level 36; in-game curve is uncapped","Per targeted core. All-core targeting multiplies cost and power delta by selected core count."
"upgrade_tier","clock","Core Clock","cpu","36","35","35","36","1425920230","0","444508.5","Hz core clock","630454.416","","199072.080","","","","expanded through catalog CPU clock level 36; in-game curve is uncapped","Per targeted core. All-core targeting multiplies cost and power delta by selected core count."
"upgrade_tier","cache","Cache","cache","2","1","1","2","3","6","2","b cache capacity","0.166","","0.076","","","","expanded through catalog CPU cache level 28; in-game curve is uncapped","Per CPU package cache capacity."
"upgrade_tier","cache","Cache","cache","3","2","2","3","4","11","4","b cache capacity","0.249","","0.083","","","","expanded through catalog CPU cache level 28; in-game curve is uncapped","Per CPU package cache capacity."
"upgrade_tier","cache","Cache","cache","4","3","3","4","6","19","8","b cache capacity","0.338","","0.089","","","","expanded through catalog CPU cache level 28; in-game curve is uncapped","Per CPU package cache capacity."
"upgrade_tier","cache","Cache","cache","5","4","4","5","9","34","16","b cache capacity","0.431","","0.093","","","","expanded through catalog CPU cache level 28; in-game curve is uncapped","Per CPU package cache capacity."
"upgrade_tier","cache","Cache","cache","6","5","5","6","13","60","32","b cache capacity","0.527","","0.096","","","","expanded through catalog CPU cache level 28; in-game curve is uncapped","Per CPU package cache capacity."
"upgrade_tier","cache","Cache","cache","7","6","6","7","19","107","64","b cache capacity","0.626","","0.099","","","","expanded through catalog CPU cache level 28; in-game curve is uncapped","Per CPU package cache capacity."
"upgrade_tier","cache","Cache","cache","8","7","7","8","28","191","128","b cache capacity","0.728","","0.102","","","","expanded through catalog CPU cache level 28; in-game curve is uncapped","Per CPU package cache capacity."
"upgrade_tier","cache","Cache","cache","9","8","8","9","40","340","256","b cache capacity","0.832","","0.104","","","","expanded through catalog CPU cache level 28; in-game curve is uncapped","Per CPU package cache capacity."
"upgrade_tier","cache","Cache","cache","10","9","9","10","59","605","512","b cache capacity","0.938","","0.106","","","","expanded through catalog CPU cache level 28; in-game curve is uncapped","Per CPU package cache capacity."
"upgrade_tier","cache","Cache","cache","11","10","10","11","85","1076","1024","b cache capacity","1.046","","0.108","","","","expanded through catalog CPU cache level 28; in-game curve is uncapped","Per CPU package cache capacity."
"upgrade_tier","cache","Cache","cache","12","11","11","12","123","1916","2048","b cache capacity","1.156","","0.110","","","","expanded through catalog CPU cache level 28; in-game curve is uncapped","Per CPU package cache capacity."
"upgrade_tier","cache","Cache","cache","13","12","12","13","179","3410","4096","b cache capacity","1.268","","0.112","","","","expanded through catalog CPU cache level 28; in-game curve is uncapped","Per CPU package cache capacity."
"upgrade_tier","cache","Cache","cache","14","13","13","14","259","6070","8192","b cache capacity","1.381","","0.113","","","","expanded through catalog CPU cache level 28; in-game curve is uncapped","Per CPU package cache capacity."
"upgrade_tier","cache","Cache","cache","15","14","14","15","376","10805","16384","b cache capacity","1.495","","0.115","","","","expanded through catalog CPU cache level 28; in-game curve is uncapped","Per CPU package cache capacity."
"upgrade_tier","cache","Cache","cache","16","15","15","16","545","19232","32768","b cache capacity","1.611","","0.116","","","","expanded through catalog CPU cache level 28; in-game curve is uncapped","Per CPU package cache capacity."
"upgrade_tier","cache","Cache","cache","17","16","16","17","790","34233","65536","b cache capacity","1.729","","0.117","","","","expanded through catalog CPU cache level 28; in-game curve is uncapped","Per CPU package cache capacity."
"upgrade_tier","cache","Cache","cache","18","17","17","18","1146","60936","131072","b cache capacity","1.847","","0.119","","","","expanded through catalog CPU cache level 28; in-game curve is uncapped","Per CPU package cache capacity."
"upgrade_tier","cache","Cache","cache","19","18","18","19","1661","108465","262144","b cache capacity","1.967","","0.120","","","","expanded through catalog CPU cache level 28; in-game curve is uncapped","Per CPU package cache capacity."
"upgrade_tier","cache","Cache","cache","20","19","19","20","2408","193068","524288","b cache capacity","2.088","","0.121","","","","expanded through catalog CPU cache level 28; in-game curve is uncapped","Per CPU package cache capacity."
"upgrade_tier","cache","Cache","cache","21","20","20","21","3492","343662","1048576","b cache capacity","2.210","","0.122","","","","expanded through catalog CPU cache level 28; in-game curve is uncapped","Per CPU package cache capacity."
"upgrade_tier","cache","Cache","cache","22","21","21","22","5064","611718","2097152","b cache capacity","2.333","","0.123","","","","expanded through catalog CPU cache level 28; in-game curve is uncapped","Per CPU package cache capacity."
"upgrade_tier","cache","Cache","cache","23","22","22","23","7343","1088858","4194304","b cache capacity","2.457","","0.124","","","","expanded through catalog CPU cache level 28; in-game curve is uncapped","Per CPU package cache capacity."
"upgrade_tier","cache","Cache","cache","24","23","23","24","10647","1938167","8388608","b cache capacity","2.582","","0.125","","","","expanded through catalog CPU cache level 28; in-game curve is uncapped","Per CPU package cache capacity."
"upgrade_tier","cache","Cache","cache","25","24","24","25","15438","3449938","16777216","b cache capacity","2.707","","0.126","","","","expanded through catalog CPU cache level 28; in-game curve is uncapped","Per CPU package cache capacity."
"upgrade_tier","cache","Cache","cache","26","25","25","26","22385","6140890","33554432","b cache capacity","2.834","","0.127","","","","expanded through catalog CPU cache level 28; in-game curve is uncapped","Per CPU package cache capacity."
"upgrade_tier","cache","Cache","cache","27","26","26","27","32458","10930784","67108864","b cache capacity","2.962","","0.128","","","","expanded through catalog CPU cache level 28; in-game curve is uncapped","Per CPU package cache capacity."
"upgrade_tier","cache","Cache","cache","28","27","27","28","47064","19456795","134217728","b cache capacity","3.091","","0.129","","","","expanded through catalog CPU cache level 28; in-game curve is uncapped","Per CPU package cache capacity."
"upgrade_tier","cacheSpeed","Cache Speed","cache","2","1","1","2","2","0","1.5","Hz cache load rate","0.127","","0.037","","","","expanded through catalog CPU cache speed level 36; in-game curve is uncapped","Per CPU package cache speed."
"upgrade_tier","cacheSpeed","Cache Speed","cache","3","2","2","3","3","0","2.1","Hz cache load rate","0.167","","0.040","","","","expanded through catalog CPU cache speed level 36; in-game curve is uncapped","Per CPU package cache speed."
"upgrade_tier","cacheSpeed","Cache Speed","cache","4","3","3","4","4","0","3","Hz cache load rate","0.210","","0.043","","","","expanded through catalog CPU cache speed level 36; in-game curve is uncapped","Per CPU package cache speed."
"upgrade_tier","cacheSpeed","Cache Speed","cache","5","4","4","5","5","0","4.4","Hz cache load rate","0.254","","0.044","","","","expanded through catalog CPU cache speed level 36; in-game curve is uncapped","Per CPU package cache speed."
"upgrade_tier","cacheSpeed","Cache Speed","cache","6","5","5","6","7","0","6.4","Hz cache load rate","0.300","","0.046","","","","expanded through catalog CPU cache speed level 36; in-game curve is uncapped","Per CPU package cache speed."
"upgrade_tier","cacheSpeed","Cache Speed","cache","7","6","6","7","10","0","9.3","Hz cache load rate","0.347","","0.047","","","","expanded through catalog CPU cache speed level 36; in-game curve is uncapped","Per CPU package cache speed."
"upgrade_tier","cacheSpeed","Cache Speed","cache","8","7","7","8","14","0","13.5","Hz cache load rate","0.395","","0.048","","","","expanded through catalog CPU cache speed level 36; in-game curve is uncapped","Per CPU package cache speed."
"upgrade_tier","cacheSpeed","Cache Speed","cache","9","8","8","9","19","0","19.5","Hz cache load rate","0.444","","0.049","","","","expanded through catalog CPU cache speed level 36; in-game curve is uncapped","Per CPU package cache speed."
"upgrade_tier","cacheSpeed","Cache Speed","cache","10","9","9","10","26","0","28.3","Hz cache load rate","0.494","","0.050","","","","expanded through catalog CPU cache speed level 36; in-game curve is uncapped","Per CPU package cache speed."
"upgrade_tier","cacheSpeed","Cache Speed","cache","11","10","10","11","36","0","41.1","Hz cache load rate","0.544","","0.051","","","","expanded through catalog CPU cache speed level 36; in-game curve is uncapped","Per CPU package cache speed."
"upgrade_tier","cacheSpeed","Cache Speed","cache","12","11","11","12","50","0","59.6","Hz cache load rate","0.596","","0.051","","","","expanded through catalog CPU cache speed level 36; in-game curve is uncapped","Per CPU package cache speed."
"upgrade_tier","cacheSpeed","Cache Speed","cache","13","12","12","13","69","0","86.4","Hz cache load rate","0.648","","0.052","","","","expanded through catalog CPU cache speed level 36; in-game curve is uncapped","Per CPU package cache speed."
"upgrade_tier","cacheSpeed","Cache Speed","cache","14","13","13","14","95","0","125.3","Hz cache load rate","0.701","","0.053","","","","expanded through catalog CPU cache speed level 36; in-game curve is uncapped","Per CPU package cache speed."
"upgrade_tier","cacheSpeed","Cache Speed","cache","15","14","14","15","132","0","181.6","Hz cache load rate","0.754","","0.053","","","","expanded through catalog CPU cache speed level 36; in-game curve is uncapped","Per CPU package cache speed."
"upgrade_tier","cacheSpeed","Cache Speed","cache","16","15","15","16","182","0","263.3","Hz cache load rate","0.808","","0.054","","","","expanded through catalog CPU cache speed level 36; in-game curve is uncapped","Per CPU package cache speed."
"upgrade_tier","cacheSpeed","Cache Speed","cache","17","16","16","17","251","0","381.8","Hz cache load rate","0.862","","0.054","","","","expanded through catalog CPU cache speed level 36; in-game curve is uncapped","Per CPU package cache speed."
"upgrade_tier","cacheSpeed","Cache Speed","cache","18","17","17","18","346","0","553.7","Hz cache load rate","0.918","","0.055","","","","expanded through catalog CPU cache speed level 36; in-game curve is uncapped","Per CPU package cache speed."
"upgrade_tier","cacheSpeed","Cache Speed","cache","19","18","18","19","478","0","802.8","Hz cache load rate","0.973","","0.056","","","","expanded through catalog CPU cache speed level 36; in-game curve is uncapped","Per CPU package cache speed."
"upgrade_tier","cacheSpeed","Cache Speed","cache","20","19","19","20","659","0","1164.1","Hz cache load rate","1.029","","0.056","","","","expanded through catalog CPU cache speed level 36; in-game curve is uncapped","Per CPU package cache speed."
"upgrade_tier","cacheSpeed","Cache Speed","cache","21","20","20","21","909","0","1688","Hz cache load rate","1.085","","0.056","","","","expanded through catalog CPU cache speed level 36; in-game curve is uncapped","Per CPU package cache speed."
"upgrade_tier","cacheSpeed","Cache Speed","cache","22","21","21","22","1255","0","2447.5","Hz cache load rate","1.142","","0.057","","","","expanded through catalog CPU cache speed level 36; in-game curve is uncapped","Per CPU package cache speed."
"upgrade_tier","cacheSpeed","Cache Speed","cache","23","22","22","23","1732","0","3548.9","Hz cache load rate","1.200","","0.057","","","","expanded through catalog CPU cache speed level 36; in-game curve is uncapped","Per CPU package cache speed."
"upgrade_tier","cacheSpeed","Cache Speed","cache","24","23","23","24","2390","0","5145.9","Hz cache load rate","1.257","","0.058","","","","expanded through catalog CPU cache speed level 36; in-game curve is uncapped","Per CPU package cache speed."
"upgrade_tier","cacheSpeed","Cache Speed","cache","25","24","24","25","3298","0","7461.6","Hz cache load rate","1.315","","0.058","","","","expanded through catalog CPU cache speed level 36; in-game curve is uncapped","Per CPU package cache speed."
"upgrade_tier","cacheSpeed","Cache Speed","cache","26","25","25","26","4551","0","10819.3","Hz cache load rate","1.374","","0.058","","","","expanded through catalog CPU cache speed level 36; in-game curve is uncapped","Per CPU package cache speed."
"upgrade_tier","cacheSpeed","Cache Speed","cache","27","26","26","27","6281","0","15688","Hz cache load rate","1.432","","0.059","","","","expanded through catalog CPU cache speed level 36; in-game curve is uncapped","Per CPU package cache speed."
"upgrade_tier","cacheSpeed","Cache Speed","cache","28","27","27","28","8667","0","22747.6","Hz cache load rate","1.492","","0.059","","","","expanded through catalog CPU cache speed level 36; in-game curve is uncapped","Per CPU package cache speed."
"upgrade_tier","cacheSpeed","Cache Speed","cache","29","28","28","29","11961","0","32984.1","Hz cache load rate","1.551","","0.059","","","","expanded through catalog CPU cache speed level 36; in-game curve is uncapped","Per CPU package cache speed."
"upgrade_tier","cacheSpeed","Cache Speed","cache","30","29","29","30","16506","0","47826.9","Hz cache load rate","1.611","","0.060","","","","expanded through catalog CPU cache speed level 36; in-game curve is uncapped","Per CPU package cache speed."
"upgrade_tier","cacheSpeed","Cache Speed","cache","31","30","30","31","22778","0","69349","Hz cache load rate","1.671","","0.060","","","","expanded through catalog CPU cache speed level 36; in-game curve is uncapped","Per CPU package cache speed."
"upgrade_tier","cacheSpeed","Cache Speed","cache","32","31","31","32","31434","0","100556","Hz cache load rate","1.731","","0.060","","","","expanded through catalog CPU cache speed level 36; in-game curve is uncapped","Per CPU package cache speed."
"upgrade_tier","cacheSpeed","Cache Speed","cache","33","32","32","33","43379","0","145806.2","Hz cache load rate","1.792","","0.061","","","","expanded through catalog CPU cache speed level 36; in-game curve is uncapped","Per CPU package cache speed."
"upgrade_tier","cacheSpeed","Cache Speed","cache","34","33","33","34","59863","0","211419","Hz cache load rate","1.853","","0.061","","","","expanded through catalog CPU cache speed level 36; in-game curve is uncapped","Per CPU package cache speed."
"upgrade_tier","cacheSpeed","Cache Speed","cache","35","34","34","35","82611","0","306557.6","Hz cache load rate","1.915","","0.061","","","","expanded through catalog CPU cache speed level 36; in-game curve is uncapped","Per CPU package cache speed."
"upgrade_tier","cacheSpeed","Cache Speed","cache","36","35","35","36","114004","0","444508.5","Hz cache load rate","1.976","","0.062","","","","expanded through catalog CPU cache speed level 36; in-game curve is uncapped","Per CPU package cache speed."
"upgrade_tier","core","Add Core","cpu","2","1","1","2","140","5","2","CPU package cores","1.540","","0.770","","","","expanded through catalog single-package CPU ceiling of 64 cores; in-game curve is uncapped","Adds one new level-1 core to the selected CPU package."
"upgrade_tier","core","Add Core","cpu","3","2","2","3","287","7","3","CPU package cores","2.310","","0.770","","","","expanded through catalog single-package CPU ceiling of 64 cores; in-game curve is uncapped","Adds one new level-1 core to the selected CPU package."
"upgrade_tier","core","Add Core","cpu","4","3","3","4","588","11","4","CPU package cores","3.080","","0.770","","","","expanded through catalog single-package CPU ceiling of 64 cores; in-game curve is uncapped","Adds one new level-1 core to the selected CPU package."
"upgrade_tier","core","Add Core","cpu","5","4","4","5","1206","15","5","CPU package cores","3.850","","0.770","","","","expanded through catalog single-package CPU ceiling of 64 cores; in-game curve is uncapped","Adds one new level-1 core to the selected CPU package."
"upgrade_tier","core","Add Core","cpu","6","5","5","6","2473","22","6","CPU package cores","4.620","","0.770","","","","expanded through catalog single-package CPU ceiling of 64 cores; in-game curve is uncapped","Adds one new level-1 core to the selected CPU package."
"upgrade_tier","core","Add Core","cpu","7","6","6","7","5069","32","7","CPU package cores","5.390","","0.770","","","","expanded through catalog single-package CPU ceiling of 64 cores; in-game curve is uncapped","Adds one new level-1 core to the selected CPU package."
"upgrade_tier","core","Add Core","cpu","8","7","7","8","10391","46","8","CPU package cores","6.160","","0.770","","","","expanded through catalog single-package CPU ceiling of 64 cores; in-game curve is uncapped","Adds one new level-1 core to the selected CPU package."
"upgrade_tier","core","Add Core","cpu","9","8","8","9","21301","67","9","CPU package cores","6.930","","0.770","","","","expanded through catalog single-package CPU ceiling of 64 cores; in-game curve is uncapped","Adds one new level-1 core to the selected CPU package."
"upgrade_tier","core","Add Core","cpu","10","9","9","10","43668","98","10","CPU package cores","7.700","","0.770","","","","expanded through catalog single-package CPU ceiling of 64 cores; in-game curve is uncapped","Adds one new level-1 core to the selected CPU package."
"upgrade_tier","core","Add Core","cpu","11","10","10","11","89518","142","11","CPU package cores","8.470","","0.770","","","","expanded through catalog single-package CPU ceiling of 64 cores; in-game curve is uncapped","Adds one new level-1 core to the selected CPU package."
"upgrade_tier","core","Add Core","cpu","12","11","11","12","183513","205","12","CPU package cores","9.240","","0.770","","","","expanded through catalog single-package CPU ceiling of 64 cores; in-game curve is uncapped","Adds one new level-1 core to the selected CPU package."
"upgrade_tier","core","Add Core","cpu","13","12","12","13","376201","298","13","CPU package cores","10.010","","0.770","","","","expanded through catalog single-package CPU ceiling of 64 cores; in-game curve is uncapped","Adds one new level-1 core to the selected CPU package."
"upgrade_tier","core","Add Core","cpu","14","13","13","14","771213","432","14","CPU package cores","10.780","","0.770","","","","expanded through catalog single-package CPU ceiling of 64 cores; in-game curve is uncapped","Adds one new level-1 core to the selected CPU package."
"upgrade_tier","core","Add Core","cpu","15","14","14","15","1580987","626","15","CPU package cores","11.550","","0.770","","","","expanded through catalog single-package CPU ceiling of 64 cores; in-game curve is uncapped","Adds one new level-1 core to the selected CPU package."
"upgrade_tier","core","Add Core","cpu","16","15","15","16","3241023","908","16","CPU package cores","12.320","","0.770","","","","expanded through catalog single-package CPU ceiling of 64 cores; in-game curve is uncapped","Adds one new level-1 core to the selected CPU package."
"upgrade_tier","core","Add Core","cpu","17","16","16","17","6644097","1317","17","CPU package cores","13.090","","0.770","","","","expanded through catalog single-package CPU ceiling of 64 cores; in-game curve is uncapped","Adds one new level-1 core to the selected CPU package."
"upgrade_tier","core","Add Core","cpu","18","17","17","18","13620398","1909","18","CPU package cores","13.860","","0.770","","","","expanded through catalog single-package CPU ceiling of 64 cores; in-game curve is uncapped","Adds one new level-1 core to the selected CPU package."
"upgrade_tier","core","Add Core","cpu","19","18","18","19","27921817","2768","19","CPU package cores","14.630","","0.770","","","","expanded through catalog single-package CPU ceiling of 64 cores; in-game curve is uncapped","Adds one new level-1 core to the selected CPU package."
"upgrade_tier","core","Add Core","cpu","20","19","19","20","57239724","4014","20","CPU package cores","15.400","","0.770","","","","expanded through catalog single-package CPU ceiling of 64 cores; in-game curve is uncapped","Adds one new level-1 core to the selected CPU package."
"upgrade_tier","core","Add Core","cpu","21","20","20","21","117341435","5821","21","CPU package cores","16.170","","0.770","","","","expanded through catalog single-package CPU ceiling of 64 cores; in-game curve is uncapped","Adds one new level-1 core to the selected CPU package."
"upgrade_tier","core","Add Core","cpu","22","21","21","22","240549942","8440","22","CPU package cores","16.940","","0.770","","","","expanded through catalog single-package CPU ceiling of 64 cores; in-game curve is uncapped","Adds one new level-1 core to the selected CPU package."
"upgrade_tier","core","Add Core","cpu","23","22","22","23","493127381","12238","23","CPU package cores","17.710","","0.770","","","","expanded through catalog single-package CPU ceiling of 64 cores; in-game curve is uncapped","Adds one new level-1 core to the selected CPU package."
"upgrade_tier","core","Add Core","cpu","24","23","23","24","1010911132","17745","24","CPU package cores","18.480","","0.770","","","","expanded through catalog single-package CPU ceiling of 64 cores; in-game curve is uncapped","Adds one new level-1 core to the selected CPU package."
"upgrade_tier","core","Add Core","cpu","25","24","24","25","2072367820","25730","25","CPU package cores","19.250","","0.770","","","","expanded through catalog single-package CPU ceiling of 64 cores; in-game curve is uncapped","Adds one new level-1 core to the selected CPU package."
"upgrade_tier","core","Add Core","cpu","26","25","25","26","4248354032","37308","26","CPU package cores","20.020","","0.770","","","","expanded through catalog single-package CPU ceiling of 64 cores; in-game curve is uncapped","Adds one new level-1 core to the selected CPU package."
"upgrade_tier","core","Add Core","cpu","27","26","26","27","8709125765","54097","27","CPU package cores","20.790","","0.770","","","","expanded through catalog single-package CPU ceiling of 64 cores; in-game curve is uncapped","Adds one new level-1 core to the selected CPU package."
"upgrade_tier","core","Add Core","cpu","28","27","27","28","17853707818","78440","28","CPU package cores","21.560","","0.770","","","","expanded through catalog single-package CPU ceiling of 64 cores; in-game curve is uncapped","Adds one new level-1 core to the selected CPU package."
"upgrade_tier","core","Add Core","cpu","29","28","28","29","36600101028","113738","29","CPU package cores","22.330","","0.770","","","","expanded through catalog single-package CPU ceiling of 64 cores; in-game curve is uncapped","Adds one new level-1 core to the selected CPU package."
"upgrade_tier","core","Add Core","cpu","30","29","29","30","75030207107","164920","30","CPU package cores","23.100","","0.770","","","","expanded through catalog single-package CPU ceiling of 64 cores; in-game curve is uncapped","Adds one new level-1 core to the selected CPU package."
"upgrade_tier","core","Add Core","cpu","31","30","30","31","153811924569","239134","31","CPU package cores","23.870","","0.770","","","","expanded through catalog single-package CPU ceiling of 64 cores; in-game curve is uncapped","Adds one new level-1 core to the selected CPU package."
"upgrade_tier","core","Add Core","cpu","32","31","31","32","315314445366","346745","32","CPU package cores","24.640","","0.770","","","","expanded through catalog single-package CPU ceiling of 64 cores; in-game curve is uncapped","Adds one new level-1 core to the selected CPU package."
"upgrade_tier","core","Add Core","cpu","33","32","32","33","646394613000","502780","33","CPU package cores","25.410","","0.770","","","","expanded through catalog single-package CPU ceiling of 64 cores; in-game curve is uncapped","Adds one new level-1 core to the selected CPU package."
"upgrade_tier","core","Add Core","cpu","34","33","33","34","1325108956649","729031","34","CPU package cores","26.180","","0.770","","","","expanded through catalog single-package CPU ceiling of 64 cores; in-game curve is uncapped","Adds one new level-1 core to the selected CPU package."
"upgrade_tier","core","Add Core","cpu","35","34","34","35","2716473361131","1057095","35","CPU package cores","26.950","","0.770","","","","expanded through catalog single-package CPU ceiling of 64 cores; in-game curve is uncapped","Adds one new level-1 core to the selected CPU package."
"upgrade_tier","core","Add Core","cpu","36","35","35","36","5568770390319","1532788","36","CPU package cores","27.720","","0.770","","","","expanded through catalog single-package CPU ceiling of 64 cores; in-game curve is uncapped","Adds one new level-1 core to the selected CPU package."
"upgrade_tier","core","Add Core","cpu","37","36","36","37","11415979300154","2222543","37","CPU package cores","28.490","","0.770","","","","expanded through catalog single-package CPU ceiling of 64 cores; in-game curve is uncapped","Adds one new level-1 core to the selected CPU package."
"upgrade_tier","core","Add Core","cpu","38","37","37","38","23402757565316","3222687","38","CPU package cores","29.260","","0.770","","","","expanded through catalog single-package CPU ceiling of 64 cores; in-game curve is uncapped","Adds one new level-1 core to the selected CPU package."
"upgrade_tier","core","Add Core","cpu","39","38","38","39","47975653008899","4672896","39","CPU package cores","30.030","","0.770","","","","expanded through catalog single-package CPU ceiling of 64 cores; in-game curve is uncapped","Adds one new level-1 core to the selected CPU package."
"upgrade_tier","core","Add Core","cpu","40","39","39","40","98350088668242","6775699","40","CPU package cores","30.800","","0.770","","","","expanded through catalog single-package CPU ceiling of 64 cores; in-game curve is uncapped","Adds one new level-1 core to the selected CPU package."
"upgrade_tier","core","Add Core","cpu","41","40","40","41","201617681769896","9824763","41","CPU package cores","31.570","","0.770","","","","expanded through catalog single-package CPU ceiling of 64 cores; in-game curve is uncapped","Adds one new level-1 core to the selected CPU package."
"upgrade_tier","core","Add Core","cpu","42","41","41","42","413316247628287","14245907","42","CPU package cores","32.340","","0.770","","","","expanded through catalog single-package CPU ceiling of 64 cores; in-game curve is uncapped","Adds one new level-1 core to the selected CPU package."
"upgrade_tier","core","Add Core","cpu","43","42","42","43","847298307637989","20656565","43","CPU package cores","33.110","","0.770","","","","expanded through catalog single-package CPU ceiling of 64 cores; in-game curve is uncapped","Adds one new level-1 core to the selected CPU package."
"upgrade_tier","core","Add Core","cpu","44","43","43","44","1736961530657877","29952019","44","CPU package cores","33.880","","0.770","","","","expanded through catalog single-package CPU ceiling of 64 cores; in-game curve is uncapped","Adds one new level-1 core to the selected CPU package."
"upgrade_tier","core","Add Core","cpu","45","44","44","45","3560771137848647","43430427","45","CPU package cores","34.650","","0.770","","","","expanded through catalog single-package CPU ceiling of 64 cores; in-game curve is uncapped","Adds one new level-1 core to the selected CPU package."
"upgrade_tier","core","Add Core","cpu","46","45","45","46","7299580832589726","62974119","46","CPU package cores","35.420","","0.770","","","","expanded through catalog single-package CPU ceiling of 64 cores; in-game curve is uncapped","Adds one new level-1 core to the selected CPU package."
"upgrade_tier","core","Add Core","cpu","47","46","46","47","14964140706808938","91312473","47","CPU package cores","36.190","","0.770","","","","expanded through catalog single-package CPU ceiling of 64 cores; in-game curve is uncapped","Adds one new level-1 core to the selected CPU package."
"upgrade_tier","core","Add Core","cpu","48","47","47","48","30676488448958320","132403086","48","CPU package cores","36.960","","0.770","","","","expanded through catalog single-package CPU ceiling of 64 cores; in-game curve is uncapped","Adds one new level-1 core to the selected CPU package."
"upgrade_tier","core","Add Core","cpu","49","48","48","49","62886801320364550","191984475","49","CPU package cores","37.730","","0.770","","","","expanded through catalog single-package CPU ceiling of 64 cores; in-game curve is uncapped","Adds one new level-1 core to the selected CPU package."
"upgrade_tier","core","Add Core","cpu","50","49","49","50","128917942706747330","278377488","50","CPU package cores","38.500","","0.770","","","","expanded through catalog single-package CPU ceiling of 64 cores; in-game curve is uncapped","Adds one new level-1 core to the selected CPU package."
"upgrade_tier","core","Add Core","cpu","51","50","50","51","264281782548832000","403647358","51","CPU package cores","39.270","","0.770","","","","expanded through catalog single-package CPU ceiling of 64 cores; in-game curve is uncapped","Adds one new level-1 core to the selected CPU package."
"upgrade_tier","core","Add Core","cpu","52","51","51","52","541777654225105500","585288669","52","CPU package cores","40.040","","0.770","","","","expanded through catalog single-package CPU ceiling of 64 cores; in-game curve is uncapped","Adds one new level-1 core to the selected CPU package."
"upgrade_tier","core","Add Core","cpu","53","52","52","53","1110644191161466200","848668569","53","CPU package cores","40.810","","0.770","","","","expanded through catalog single-package CPU ceiling of 64 cores; in-game curve is uncapped","Adds one new level-1 core to the selected CPU package."
"upgrade_tier","core","Add Core","cpu","54","53","53","54","2276820591881005600","1230569426","54","CPU package cores","41.580","","0.770","","","","expanded through catalog single-package CPU ceiling of 64 cores; in-game curve is uncapped","Adds one new level-1 core to the selected CPU package."
"upgrade_tier","core","Add Core","cpu","55","54","54","55","4667482213356061000","1784325667","55","CPU package cores","42.350","","0.770","","","","expanded through catalog single-package CPU ceiling of 64 cores; in-game curve is uncapped","Adds one new level-1 core to the selected CPU package."
"upgrade_tier","core","Add Core","cpu","56","55","55","56","9568338537379924000","2587272218","56","CPU package cores","43.120","","0.770","","","","expanded through catalog single-package CPU ceiling of 64 cores; in-game curve is uncapped","Adds one new level-1 core to the selected CPU package."
"upgrade_tier","core","Add Core","cpu","57","56","56","57","19615094001628844000","3751544715","57","CPU package cores","43.890","","0.770","","","","expanded through catalog single-package CPU ceiling of 64 cores; in-game curve is uncapped","Adds one new level-1 core to the selected CPU package."
"upgrade_tier","core","Add Core","cpu","58","57","57","58","40210942703339130000","5439739837","58","CPU package cores","44.660","","0.770","","","","expanded through catalog single-package CPU ceiling of 64 cores; in-game curve is uncapped","Adds one new level-1 core to the selected CPU package."
"upgrade_tier","core","Add Core","cpu","59","58","58","59","82432432541845200000","7887622764","59","CPU package cores","45.430","","0.770","","","","expanded through catalog single-package CPU ceiling of 64 cores; in-game curve is uncapped","Adds one new level-1 core to the selected CPU package."
"upgrade_tier","core","Add Core","cpu","60","59","59","60","168986486710782660000","11437053008","60","CPU package cores","46.200","","0.770","","","","expanded through catalog single-package CPU ceiling of 64 cores; in-game curve is uncapped","Adds one new level-1 core to the selected CPU package."
"upgrade_tier","core","Add Core","cpu","61","60","60","61","346422297757104340000","16583726862","61","CPU package cores","46.970","","0.770","","","","expanded through catalog single-package CPU ceiling of 64 cores; in-game curve is uncapped","Adds one new level-1 core to the selected CPU package."
"upgrade_tier","core","Add Core","cpu","62","61","61","62","710165710402064000000","24046403949","62","CPU package cores","47.740","","0.770","","","","expanded through catalog single-package CPU ceiling of 64 cores; in-game curve is uncapped","Adds one new level-1 core to the selected CPU package."
"upgrade_tier","core","Add Core","cpu","63","62","62","63","1.455839706324231e+21","34867285727","63","CPU package cores","48.510","","0.770","","","","expanded through catalog single-package CPU ceiling of 64 cores; in-game curve is uncapped","Adds one new level-1 core to the selected CPU package."
"upgrade_tier","core","Add Core","cpu","64","63","63","64","2.9844713979646727e+21","50557564304","64","CPU package cores","49.280","","0.770","","","","expanded through catalog single-package CPU ceiling of 64 cores; in-game curve is uncapped","Adds one new level-1 core to the selected CPU package."
"upgrade_tier","schedulerSlot","CPU Queue Slot","scheduler","1","1","0","1","72","5","1","CPU queue slots","0.000","","0.000","","","","expanded through catalog CPU-local scheduler ceiling of 64 slots; in-game curve is uncapped","Per CPU package. Queue slots do not add idle draw in the current power model."
"upgrade_tier","schedulerSlot","CPU Queue Slot","scheduler","2","2","1","2","133","7","2","CPU queue slots","0.000","","0.000","","","","expanded through catalog CPU-local scheduler ceiling of 64 slots; in-game curve is uncapped","Per CPU package. Queue slots do not add idle draw in the current power model."
"upgrade_tier","schedulerSlot","CPU Queue Slot","scheduler","3","3","2","3","246","10","3","CPU queue slots","0.000","","0.000","","","","expanded through catalog CPU-local scheduler ceiling of 64 slots; in-game curve is uncapped","Per CPU package. Queue slots do not add idle draw in the current power model."
"upgrade_tier","schedulerSlot","CPU Queue Slot","scheduler","4","4","3","4","456","14","4","CPU queue slots","0.000","","0.000","","","","expanded through catalog CPU-local scheduler ceiling of 64 slots; in-game curve is uncapped","Per CPU package. Queue slots do not add idle draw in the current power model."
"upgrade_tier","schedulerSlot","CPU Queue Slot","scheduler","5","5","4","5","843","20","5","CPU queue slots","0.000","","0.000","","","","expanded through catalog CPU-local scheduler ceiling of 64 slots; in-game curve is uncapped","Per CPU package. Queue slots do not add idle draw in the current power model."
"upgrade_tier","schedulerSlot","CPU Queue Slot","scheduler","6","6","5","6","1560","29","6","CPU queue slots","0.000","","0.000","","","","expanded through catalog CPU-local scheduler ceiling of 64 slots; in-game curve is uncapped","Per CPU package. Queue slots do not add idle draw in the current power model."
"upgrade_tier","schedulerSlot","CPU Queue Slot","scheduler","7","7","6","7","2886","41","7","CPU queue slots","0.000","","0.000","","","","expanded through catalog CPU-local scheduler ceiling of 64 slots; in-game curve is uncapped","Per CPU package. Queue slots do not add idle draw in the current power model."
"upgrade_tier","schedulerSlot","CPU Queue Slot","scheduler","8","8","7","8","5340","58","8","CPU queue slots","0.000","","0.000","","","","expanded through catalog CPU-local scheduler ceiling of 64 slots; in-game curve is uncapped","Per CPU package. Queue slots do not add idle draw in the current power model."
"upgrade_tier","schedulerSlot","CPU Queue Slot","scheduler","9","9","8","9","9879","83","9","CPU queue slots","0.000","","0.000","","","","expanded through catalog CPU-local scheduler ceiling of 64 slots; in-game curve is uncapped","Per CPU package. Queue slots do not add idle draw in the current power model."
"upgrade_tier","schedulerSlot","CPU Queue Slot","scheduler","10","10","9","10","18276","117","10","CPU queue slots","0.000","","0.000","","","","expanded through catalog CPU-local scheduler ceiling of 64 slots; in-game curve is uncapped","Per CPU package. Queue slots do not add idle draw in the current power model."
"upgrade_tier","schedulerSlot","CPU Queue Slot","scheduler","11","11","10","11","33810","167","11","CPU queue slots","0.000","","0.000","","","","expanded through catalog CPU-local scheduler ceiling of 64 slots; in-game curve is uncapped","Per CPU package. Queue slots do not add idle draw in the current power model."
"upgrade_tier","schedulerSlot","CPU Queue Slot","scheduler","12","12","11","12","62549","237","12","CPU queue slots","0.000","","0.000","","","","expanded through catalog CPU-local scheduler ceiling of 64 slots; in-game curve is uncapped","Per CPU package. Queue slots do not add idle draw in the current power model."
"upgrade_tier","schedulerSlot","CPU Queue Slot","scheduler","13","13","12","13","115716","336","13","CPU queue slots","0.000","","0.000","","","","expanded through catalog CPU-local scheduler ceiling of 64 slots; in-game curve is uncapped","Per CPU package. Queue slots do not add idle draw in the current power model."
"upgrade_tier","schedulerSlot","CPU Queue Slot","scheduler","14","14","13","14","214075","477","14","CPU queue slots","0.000","","0.000","","","","expanded through catalog CPU-local scheduler ceiling of 64 slots; in-game curve is uncapped","Per CPU package. Queue slots do not add idle draw in the current power model."
"upgrade_tier","schedulerSlot","CPU Queue Slot","scheduler","15","15","14","15","396038","678","15","CPU queue slots","0.000","","0.000","","","","expanded through catalog CPU-local scheduler ceiling of 64 slots; in-game curve is uncapped","Per CPU package. Queue slots do not add idle draw in the current power model."
"upgrade_tier","schedulerSlot","CPU Queue Slot","scheduler","16","16","15","16","732670","962","16","CPU queue slots","0.000","","0.000","","","","expanded through catalog CPU-local scheduler ceiling of 64 slots; in-game curve is uncapped","Per CPU package. Queue slots do not add idle draw in the current power model."
"upgrade_tier","schedulerSlot","CPU Queue Slot","scheduler","17","17","16","17","1355440","1366","17","CPU queue slots","0.000","","0.000","","","","expanded through catalog CPU-local scheduler ceiling of 64 slots; in-game curve is uncapped","Per CPU package. Queue slots do not add idle draw in the current power model."
"upgrade_tier","schedulerSlot","CPU Queue Slot","scheduler","18","18","17","18","2507563","1940","18","CPU queue slots","0.000","","0.000","","","","expanded through catalog CPU-local scheduler ceiling of 64 slots; in-game curve is uncapped","Per CPU package. Queue slots do not add idle draw in the current power model."
"upgrade_tier","schedulerSlot","CPU Queue Slot","scheduler","19","19","18","19","4638992","2755","19","CPU queue slots","0.000","","0.000","","","","expanded through catalog CPU-local scheduler ceiling of 64 slots; in-game curve is uncapped","Per CPU package. Queue slots do not add idle draw in the current power model."
"upgrade_tier","schedulerSlot","CPU Queue Slot","scheduler","20","20","19","20","8582135","3912","20","CPU queue slots","0.000","","0.000","","","","expanded through catalog CPU-local scheduler ceiling of 64 slots; in-game curve is uncapped","Per CPU package. Queue slots do not add idle draw in the current power model."
"upgrade_tier","schedulerSlot","CPU Queue Slot","scheduler","21","21","20","21","15876950","5556","21","CPU queue slots","0.000","","0.000","","","","expanded through catalog CPU-local scheduler ceiling of 64 slots; in-game curve is uncapped","Per CPU package. Queue slots do not add idle draw in the current power model."
"upgrade_tier","schedulerSlot","CPU Queue Slot","scheduler","22","22","21","22","29372357","7889","22","CPU queue slots","0.000","","0.000","","","","expanded through catalog CPU-local scheduler ceiling of 64 slots; in-game curve is uncapped","Per CPU package. Queue slots do not add idle draw in the current power model."
"upgrade_tier","schedulerSlot","CPU Queue Slot","scheduler","23","23","22","23","54338860","11202","23","CPU queue slots","0.000","","0.000","","","","expanded through catalog CPU-local scheduler ceiling of 64 slots; in-game curve is uncapped","Per CPU package. Queue slots do not add idle draw in the current power model."
"upgrade_tier","schedulerSlot","CPU Queue Slot","scheduler","24","24","23","24","100526891","15907","24","CPU queue slots","0.000","","0.000","","","","expanded through catalog CPU-local scheduler ceiling of 64 slots; in-game curve is uncapped","Per CPU package. Queue slots do not add idle draw in the current power model."
"upgrade_tier","schedulerSlot","CPU Queue Slot","scheduler","25","25","24","25","185974748","22589","25","CPU queue slots","0.000","","0.000","","","","expanded through catalog CPU-local scheduler ceiling of 64 slots; in-game curve is uncapped","Per CPU package. Queue slots do not add idle draw in the current power model."
"upgrade_tier","schedulerSlot","CPU Queue Slot","scheduler","26","26","25","26","344053283","32076","26","CPU queue slots","0.000","","0.000","","","","expanded through catalog CPU-local scheduler ceiling of 64 slots; in-game curve is uncapped","Per CPU package. Queue slots do not add idle draw in the current power model."
"upgrade_tier","schedulerSlot","CPU Queue Slot","scheduler","27","27","26","27","636498574","45548","27","CPU queue slots","0.000","","0.000","","","","expanded through catalog CPU-local scheduler ceiling of 64 slots; in-game curve is uncapped","Per CPU package. Queue slots do not add idle draw in the current power model."
"upgrade_tier","schedulerSlot","CPU Queue Slot","scheduler","28","28","27","28","1177522362","64678","28","CPU queue slots","0.000","","0.000","","","","expanded through catalog CPU-local scheduler ceiling of 64 slots; in-game curve is uncapped","Per CPU package. Queue slots do not add idle draw in the current power model."
"upgrade_tier","schedulerSlot","CPU Queue Slot","scheduler","29","29","28","29","2178416369","91842","29","CPU queue slots","0.000","","0.000","","","","expanded through catalog CPU-local scheduler ceiling of 64 slots; in-game curve is uncapped","Per CPU package. Queue slots do not add idle draw in the current power model."
"upgrade_tier","schedulerSlot","CPU Queue Slot","scheduler","30","30","29","30","4030070283","130416","30","CPU queue slots","0.000","","0.000","","","","expanded through catalog CPU-local scheduler ceiling of 64 slots; in-game curve is uncapped","Per CPU package. Queue slots do not add idle draw in the current power model."
"upgrade_tier","schedulerSlot","CPU Queue Slot","scheduler","31","31","30","31","7455630023","185191","31","CPU queue slots","0.000","","0.000","","","","expanded through catalog CPU-local scheduler ceiling of 64 slots; in-game curve is uncapped","Per CPU package. Queue slots do not add idle draw in the current power model."
"upgrade_tier","schedulerSlot","CPU Queue Slot","scheduler","32","32","31","32","13792915543","262971","32","CPU queue slots","0.000","","0.000","","","","expanded through catalog CPU-local scheduler ceiling of 64 slots; in-game curve is uncapped","Per CPU package. Queue slots do not add idle draw in the current power model."
"upgrade_tier","schedulerSlot","CPU Queue Slot","scheduler","33","33","32","33","25516893754","373420","33","CPU queue slots","0.000","","0.000","","","","expanded through catalog CPU-local scheduler ceiling of 64 slots; in-game curve is uncapped","Per CPU package. Queue slots do not add idle draw in the current power model."
"upgrade_tier","schedulerSlot","CPU Queue Slot","scheduler","34","34","33","34","47206253445","530256","34","CPU queue slots","0.000","","0.000","","","","expanded through catalog CPU-local scheduler ceiling of 64 slots; in-game curve is uncapped","Per CPU package. Queue slots do not add idle draw in the current power model."
"upgrade_tier","schedulerSlot","CPU Queue Slot","scheduler","35","35","34","35","87331568872","752963","35","CPU queue slots","0.000","","0.000","","","","expanded through catalog CPU-local scheduler ceiling of 64 slots; in-game curve is uncapped","Per CPU package. Queue slots do not add idle draw in the current power model."
"upgrade_tier","schedulerSlot","CPU Queue Slot","scheduler","36","36","35","36","161563402414","1069208","36","CPU queue slots","0.000","","0.000","","","","expanded through catalog CPU-local scheduler ceiling of 64 slots; in-game curve is uncapped","Per CPU package. Queue slots do not add idle draw in the current power model."
"upgrade_tier","schedulerSlot","CPU Queue Slot","scheduler","37","37","36","37","298892294466","1518275","37","CPU queue slots","0.000","","0.000","","","","expanded through catalog CPU-local scheduler ceiling of 64 slots; in-game curve is uncapped","Per CPU package. Queue slots do not add idle draw in the current power model."
"upgrade_tier","schedulerSlot","CPU Queue Slot","scheduler","38","38","37","38","552950744762","2155950","38","CPU queue slots","0.000","","0.000","","","","expanded through catalog CPU-local scheduler ceiling of 64 slots; in-game curve is uncapped","Per CPU package. Queue slots do not add idle draw in the current power model."
"upgrade_tier","schedulerSlot","CPU Queue Slot","scheduler","39","39","38","39","1022958877809","3061449","39","CPU queue slots","0.000","","0.000","","","","expanded through catalog CPU-local scheduler ceiling of 64 slots; in-game curve is uncapped","Per CPU package. Queue slots do not add idle draw in the current power model."
"upgrade_tier","schedulerSlot","CPU Queue Slot","scheduler","40","40","39","40","1892473923947","4347258","40","CPU queue slots","0.000","","0.000","","","","expanded through catalog CPU-local scheduler ceiling of 64 slots; in-game curve is uncapped","Per CPU package. Queue slots do not add idle draw in the current power model."
"upgrade_tier","schedulerSlot","CPU Queue Slot","scheduler","41","41","40","41","3501076759301","6173107","41","CPU queue slots","0.000","","0.000","","","","expanded through catalog CPU-local scheduler ceiling of 64 slots; in-game curve is uncapped","Per CPU package. Queue slots do not add idle draw in the current power model."
"upgrade_tier","schedulerSlot","CPU Queue Slot","scheduler","42","42","41","42","6476992004707","8765811","42","CPU queue slots","0.000","","0.000","","","","expanded through catalog CPU-local scheduler ceiling of 64 slots; in-game curve is uncapped","Per CPU package. Queue slots do not add idle draw in the current power model."
"upgrade_tier","schedulerSlot","CPU Queue Slot","scheduler","43","43","42","43","11982435208709","12447452","43","CPU queue slots","0.000","","0.000","","","","expanded through catalog CPU-local scheduler ceiling of 64 slots; in-game curve is uncapped","Per CPU package. Queue slots do not add idle draw in the current power model."
"upgrade_tier","schedulerSlot","CPU Queue Slot","scheduler","44","44","43","44","22167505136111","17675382","44","CPU queue slots","0.000","","0.000","","","","expanded through catalog CPU-local scheduler ceiling of 64 slots; in-game curve is uncapped","Per CPU package. Queue slots do not add idle draw in the current power model."
"upgrade_tier","schedulerSlot","CPU Queue Slot","scheduler","45","45","44","45","41009884501806","25099043","45","CPU queue slots","0.000","","0.000","","","","expanded through catalog CPU-local scheduler ceiling of 64 slots; in-game curve is uncapped","Per CPU package. Queue slots do not add idle draw in the current power model."
"upgrade_tier","schedulerSlot","CPU Queue Slot","scheduler","46","46","45","46","75868286328340","35640641","46","CPU queue slots","0.000","","0.000","","","","expanded through catalog CPU-local scheduler ceiling of 64 slots; in-game curve is uncapped","Per CPU package. Queue slots do not add idle draw in the current power model."
"upgrade_tier","schedulerSlot","CPU Queue Slot","scheduler","47","47","46","47","140356329707429","50609710","47","CPU queue slots","0.000","","0.000","","","","expanded through catalog CPU-local scheduler ceiling of 64 slots; in-game curve is uncapped","Per CPU package. Queue slots do not add idle draw in the current power model."
"upgrade_tier","schedulerSlot","CPU Queue Slot","scheduler","48","48","47","48","259659209958744","71865788","48","CPU queue slots","0.000","","0.000","","","","expanded through catalog CPU-local scheduler ceiling of 64 slots; in-game curve is uncapped","Per CPU package. Queue slots do not add idle draw in the current power model."
"upgrade_tier","schedulerSlot","CPU Queue Slot","scheduler","49","49","48","49","480369538423677","102049419","49","CPU queue slots","0.000","","0.000","","","","expanded through catalog CPU-local scheduler ceiling of 64 slots; in-game curve is uncapped","Per CPU package. Queue slots do not add idle draw in the current power model."
"upgrade_tier","schedulerSlot","CPU Queue Slot","scheduler","50","50","49","50","888683646083803","144910174","50","CPU queue slots","0.000","","0.000","","","","expanded through catalog CPU-local scheduler ceiling of 64 slots; in-game curve is uncapped","Per CPU package. Queue slots do not add idle draw in the current power model."
"upgrade_tier","schedulerSlot","CPU Queue Slot","scheduler","51","51","50","51","1644064745255035","205772448","51","CPU queue slots","0.000","","0.000","","","","expanded through catalog CPU-local scheduler ceiling of 64 slots; in-game curve is uncapped","Per CPU package. Queue slots do not add idle draw in the current power model."
"upgrade_tier","schedulerSlot","CPU Queue Slot","scheduler","52","52","51","52","3041519778721816","292196876","52","CPU queue slots","0.000","","0.000","","","","expanded through catalog CPU-local scheduler ceiling of 64 slots; in-game curve is uncapped","Per CPU package. Queue slots do not add idle draw in the current power model."
"upgrade_tier","schedulerSlot","CPU Queue Slot","scheduler","53","53","52","53","5626811590635359","414919563","53","CPU queue slots","0.000","","0.000","","","","expanded through catalog CPU-local scheduler ceiling of 64 slots; in-game curve is uncapped","Per CPU package. Queue slots do not add idle draw in the current power model."
"upgrade_tier","schedulerSlot","CPU Queue Slot","scheduler","54","54","53","54","10409601442675414","589185780","54","CPU queue slots","0.000","","0.000","","","","expanded through catalog CPU-local scheduler ceiling of 64 slots; in-game curve is uncapped","Per CPU package. Queue slots do not add idle draw in the current power model."
"upgrade_tier","schedulerSlot","CPU Queue Slot","scheduler","55","55","54","55","19257762668949516","836643808","55","CPU queue slots","0.000","","0.000","","","","expanded through catalog CPU-local scheduler ceiling of 64 slots; in-game curve is uncapped","Per CPU package. Queue slots do not add idle draw in the current power model."
"upgrade_tier","schedulerSlot","CPU Queue Slot","scheduler","56","56","55","56","35626860937556610","1188034207","56","CPU queue slots","0.000","","0.000","","","","expanded through catalog CPU-local scheduler ceiling of 64 slots; in-game curve is uncapped","Per CPU package. Queue slots do not add idle draw in the current power model."
"upgrade_tier","schedulerSlot","CPU Queue Slot","scheduler","57","57","56","57","65909692734479730","1687008574","57","CPU queue slots","0.000","","0.000","","","","expanded through catalog CPU-local scheduler ceiling of 64 slots; in-game curve is uncapped","Per CPU package. Queue slots do not add idle draw in the current power model."
"upgrade_tier","schedulerSlot","CPU Queue Slot","scheduler","58","58","57","58","121932931558787520","2395552175","58","CPU queue slots","0.000","","0.000","","","","expanded through catalog CPU-local scheduler ceiling of 64 slots; in-game curve is uncapped","Per CPU package. Queue slots do not add idle draw in the current power model."
"upgrade_tier","schedulerSlot","CPU Queue Slot","scheduler","59","59","58","59","225575923383756900","3401684088","59","CPU queue slots","0.000","","0.000","","","","expanded through catalog CPU-local scheduler ceiling of 64 slots; in-game curve is uncapped","Per CPU package. Queue slots do not add idle draw in the current power model."
"upgrade_tier","schedulerSlot","CPU Queue Slot","scheduler","60","60","59","60","417315458259950300","4830391405","60","CPU queue slots","0.000","","0.000","","","","expanded through catalog CPU-local scheduler ceiling of 64 slots; in-game curve is uncapped","Per CPU package. Queue slots do not add idle draw in the current power model."
"upgrade_tier","schedulerSlot","CPU Queue Slot","scheduler","61","61","60","61","772033597780908000","6859155795","61","CPU queue slots","0.000","","0.000","","","","expanded through catalog CPU-local scheduler ceiling of 64 slots; in-game curve is uncapped","Per CPU package. Queue slots do not add idle draw in the current power model."
"upgrade_tier","schedulerSlot","CPU Queue Slot","scheduler","62","62","61","62","1428262155894680000","9740001230","62","CPU queue slots","0.000","","0.000","","","","expanded through catalog CPU-local scheduler ceiling of 64 slots; in-game curve is uncapped","Per CPU package. Queue slots do not add idle draw in the current power model."
"upgrade_tier","schedulerSlot","CPU Queue Slot","scheduler","63","63","62","63","2642284988405158000","13830801746","63","CPU queue slots","0.000","","0.000","","","","expanded through catalog CPU-local scheduler ceiling of 64 slots; in-game curve is uncapped","Per CPU package. Queue slots do not add idle draw in the current power model."
"upgrade_tier","schedulerSlot","CPU Queue Slot","scheduler","64","64","63","64","4888227228549543000","19639738479","64","CPU queue slots","0.000","","0.000","","","","expanded through catalog CPU-local scheduler ceiling of 64 slots; in-game curve is uncapped","Per CPU package. Queue slots do not add idle draw in the current power model."
"upgrade_tier","systemSchedulerSlot","System Queue Slot","scheduler","1","1","0","1","180","12","1","system queue slots","0.000","","0.000","","","","expanded through catalog system scheduler ceiling of 24 slots; in-game curve is uncapped","System queue slots do not add idle draw in the current power model."
"upgrade_tier","systemSchedulerSlot","System Queue Slot","scheduler","2","2","1","2","310","18","2","system queue slots","0.000","","0.000","","","","expanded through catalog system scheduler ceiling of 24 slots; in-game curve is uncapped","System queue slots do not add idle draw in the current power model."
"upgrade_tier","systemSchedulerSlot","System Queue Slot","scheduler","3","3","2","3","533","27","3","system queue slots","0.000","","0.000","","","","expanded through catalog system scheduler ceiling of 24 slots; in-game curve is uncapped","System queue slots do not add idle draw in the current power model."
"upgrade_tier","systemSchedulerSlot","System Queue Slot","scheduler","4","4","3","4","916","41","4","system queue slots","0.000","","0.000","","","","expanded through catalog system scheduler ceiling of 24 slots; in-game curve is uncapped","System queue slots do not add idle draw in the current power model."
"upgrade_tier","systemSchedulerSlot","System Queue Slot","scheduler","5","5","4","5","1575","61","5","system queue slots","0.000","","0.000","","","","expanded through catalog system scheduler ceiling of 24 slots; in-game curve is uncapped","System queue slots do not add idle draw in the current power model."
"upgrade_tier","systemSchedulerSlot","System Queue Slot","scheduler","6","6","5","6","2710","91","6","system queue slots","0.000","","0.000","","","","expanded through catalog system scheduler ceiling of 24 slots; in-game curve is uncapped","System queue slots do not add idle draw in the current power model."
"upgrade_tier","systemSchedulerSlot","System Queue Slot","scheduler","7","7","6","7","4661","137","7","system queue slots","0.000","","0.000","","","","expanded through catalog system scheduler ceiling of 24 slots; in-game curve is uncapped","System queue slots do not add idle draw in the current power model."
"upgrade_tier","systemSchedulerSlot","System Queue Slot","scheduler","8","8","7","8","8016","205","8","system queue slots","0.000","","0.000","","","","expanded through catalog system scheduler ceiling of 24 slots; in-game curve is uncapped","System queue slots do not add idle draw in the current power model."
"upgrade_tier","systemSchedulerSlot","System Queue Slot","scheduler","9","9","8","9","13788","308","9","system queue slots","0.000","","0.000","","","","expanded through catalog system scheduler ceiling of 24 slots; in-game curve is uncapped","System queue slots do not add idle draw in the current power model."
"upgrade_tier","systemSchedulerSlot","System Queue Slot","scheduler","10","10","9","10","23715","461","10","system queue slots","0.000","","0.000","","","","expanded through catalog system scheduler ceiling of 24 slots; in-game curve is uncapped","System queue slots do not add idle draw in the current power model."
"upgrade_tier","systemSchedulerSlot","System Queue Slot","scheduler","11","11","10","11","40790","692","11","system queue slots","0.000","","0.000","","","","expanded through catalog system scheduler ceiling of 24 slots; in-game curve is uncapped","System queue slots do not add idle draw in the current power model."
"upgrade_tier","systemSchedulerSlot","System Queue Slot","scheduler","12","12","11","12","70159","1038","12","system queue slots","0.000","","0.000","","","","expanded through catalog system scheduler ceiling of 24 slots; in-game curve is uncapped","System queue slots do not add idle draw in the current power model."
"upgrade_tier","systemSchedulerSlot","System Queue Slot","scheduler","13","13","12","13","120674","1557","13","system queue slots","0.000","","0.000","","","","expanded through catalog system scheduler ceiling of 24 slots; in-game curve is uncapped","System queue slots do not add idle draw in the current power model."
"upgrade_tier","systemSchedulerSlot","System Queue Slot","scheduler","14","14","13","14","207559","2335","14","system queue slots","0.000","","0.000","","","","expanded through catalog system scheduler ceiling of 24 slots; in-game curve is uncapped","System queue slots do not add idle draw in the current power model."
"upgrade_tier","systemSchedulerSlot","System Queue Slot","scheduler","15","15","14","15","357002","3503","15","system queue slots","0.000","","0.000","","","","expanded through catalog system scheduler ceiling of 24 slots; in-game curve is uncapped","System queue slots do not add idle draw in the current power model."
"upgrade_tier","systemSchedulerSlot","System Queue Slot","scheduler","16","16","15","16","614044","5255","16","system queue slots","0.000","","0.000","","","","expanded through catalog system scheduler ceiling of 24 slots; in-game curve is uncapped","System queue slots do not add idle draw in the current power model."
"upgrade_tier","systemSchedulerSlot","System Queue Slot","scheduler","17","17","16","17","1056155","7882","17","system queue slots","0.000","","0.000","","","","expanded through catalog system scheduler ceiling of 24 slots; in-game curve is uncapped","System queue slots do not add idle draw in the current power model."
"upgrade_tier","systemSchedulerSlot","System Queue Slot","scheduler","18","18","17","18","1816587","11823","18","system queue slots","0.000","","0.000","","","","expanded through catalog system scheduler ceiling of 24 slots; in-game curve is uncapped","System queue slots do not add idle draw in the current power model."
"upgrade_tier","systemSchedulerSlot","System Queue Slot","scheduler","19","19","18","19","3124529","17735","19","system queue slots","0.000","","0.000","","","","expanded through catalog system scheduler ceiling of 24 slots; in-game curve is uncapped","System queue slots do not add idle draw in the current power model."
"upgrade_tier","systemSchedulerSlot","System Queue Slot","scheduler","20","20","19","20","5374190","26602","20","system queue slots","0.000","","0.000","","","","expanded through catalog system scheduler ceiling of 24 slots; in-game curve is uncapped","System queue slots do not add idle draw in the current power model."
"upgrade_tier","systemSchedulerSlot","System Queue Slot","scheduler","21","21","20","21","9243606","39903","21","system queue slots","0.000","","0.000","","","","expanded through catalog system scheduler ceiling of 24 slots; in-game curve is uncapped","System queue slots do not add idle draw in the current power model."
"upgrade_tier","systemSchedulerSlot","System Queue Slot","scheduler","22","22","21","22","15899003","59855","22","system queue slots","0.000","","0.000","","","","expanded through catalog system scheduler ceiling of 24 slots; in-game curve is uncapped","System queue slots do not add idle draw in the current power model."
"upgrade_tier","systemSchedulerSlot","System Queue Slot","scheduler","23","23","22","23","27346285","89782","23","system queue slots","0.000","","0.000","","","","expanded through catalog system scheduler ceiling of 24 slots; in-game curve is uncapped","System queue slots do not add idle draw in the current power model."
"upgrade_tier","systemSchedulerSlot","System Queue Slot","scheduler","24","24","23","24","47035610","134673","24","system queue slots","0.000","","0.000","","","","expanded through catalog system scheduler ceiling of 24 slots; in-game curve is uncapped","System queue slots do not add idle draw in the current power model."
"upgrade_tier","deadlockRecovery","Deadlock Cooldown","scheduler","1","1","0","1","95","24","1.5","x cooldown drain rate","0.000","","0.000","","","","first 10 tiers shown; no current content ceiling and in-game curve is uncapped","Does not add idle draw in the current power model."
"upgrade_tier","deadlockRecovery","Deadlock Cooldown","scheduler","2","2","1","2","162","36","2","x cooldown drain rate","0.000","","0.000","","","","first 10 tiers shown; no current content ceiling and in-game curve is uncapped","Does not add idle draw in the current power model."
"upgrade_tier","deadlockRecovery","Deadlock Cooldown","scheduler","3","3","2","3","275","53","2.5","x cooldown drain rate","0.000","","0.000","","","","first 10 tiers shown; no current content ceiling and in-game curve is uncapped","Does not add idle draw in the current power model."
"upgrade_tier","deadlockRecovery","Deadlock Cooldown","scheduler","4","4","3","4","467","78","3","x cooldown drain rate","0.000","","0.000","","","","first 10 tiers shown; no current content ceiling and in-game curve is uncapped","Does not add idle draw in the current power model."
"upgrade_tier","deadlockRecovery","Deadlock Cooldown","scheduler","5","5","4","5","793","115","3.5","x cooldown drain rate","0.000","","0.000","","","","first 10 tiers shown; no current content ceiling and in-game curve is uncapped","Does not add idle draw in the current power model."
"upgrade_tier","deadlockRecovery","Deadlock Cooldown","scheduler","6","6","5","6","1349","170","4","x cooldown drain rate","0.000","","0.000","","","","first 10 tiers shown; no current content ceiling and in-game curve is uncapped","Does not add idle draw in the current power model."
"upgrade_tier","deadlockRecovery","Deadlock Cooldown","scheduler","7","7","6","7","2293","252","4.5","x cooldown drain rate","0.000","","0.000","","","","first 10 tiers shown; no current content ceiling and in-game curve is uncapped","Does not add idle draw in the current power model."
"upgrade_tier","deadlockRecovery","Deadlock Cooldown","scheduler","8","8","7","8","3898","373","5","x cooldown drain rate","0.000","","0.000","","","","first 10 tiers shown; no current content ceiling and in-game curve is uncapped","Does not add idle draw in the current power model."
"upgrade_tier","deadlockRecovery","Deadlock Cooldown","scheduler","9","9","8","9","6627","552","5.5","x cooldown drain rate","0.000","","0.000","","","","first 10 tiers shown; no current content ceiling and in-game curve is uncapped","Does not add idle draw in the current power model."
"upgrade_tier","deadlockRecovery","Deadlock Cooldown","scheduler","10","10","9","10","11266","818","6","x cooldown drain rate","0.000","","0.000","","","","first 10 tiers shown; no current content ceiling and in-game curve is uncapped","Does not add idle draw in the current power model."
"upgrade_tier","cronSchedule","CRON Job Slot","cron","1","1","0","1","160","18","1","CRON job slot","0.000","","0.000","","","","maxPurchases: 1","CRON queue insertion can add a temporary 1.2 mW spike, but the slot itself has no idle draw."
"upgrade_tier","cronInterval","CRON Interval","cron","1","1","0","1","42","6","59","s minimum CRON interval","0.000","","0.000","","","","maxPurchases: 59","Does not add idle draw. CRON queue insertion can add a temporary 1.2 mW spike."
"upgrade_tier","cronInterval","CRON Interval","cron","2","2","1","2","60","7","58","s minimum CRON interval","0.000","","0.000","","","","maxPurchases: 59","Does not add idle draw. CRON queue insertion can add a temporary 1.2 mW spike."
"upgrade_tier","cronInterval","CRON Interval","cron","3","3","2","3","85","8","57","s minimum CRON interval","0.000","","0.000","","","","maxPurchases: 59","Does not add idle draw. CRON queue insertion can add a temporary 1.2 mW spike."
"upgrade_tier","cronInterval","CRON Interval","cron","4","4","3","4","120","10","56","s minimum CRON interval","0.000","","0.000","","","","maxPurchases: 59","Does not add idle draw. CRON queue insertion can add a temporary 1.2 mW spike."
"upgrade_tier","cronInterval","CRON Interval","cron","5","5","4","5","171","12","55","s minimum CRON interval","0.000","","0.000","","","","maxPurchases: 59","Does not add idle draw. CRON queue insertion can add a temporary 1.2 mW spike."
"upgrade_tier","cronInterval","CRON Interval","cron","6","6","5","6","242","14","54","s minimum CRON interval","0.000","","0.000","","","","maxPurchases: 59","Does not add idle draw. CRON queue insertion can add a temporary 1.2 mW spike."
"upgrade_tier","cronInterval","CRON Interval","cron","7","7","6","7","344","16","53","s minimum CRON interval","0.000","","0.000","","","","maxPurchases: 59","Does not add idle draw. CRON queue insertion can add a temporary 1.2 mW spike."
"upgrade_tier","cronInterval","CRON Interval","cron","8","8","7","8","489","19","52","s minimum CRON interval","0.000","","0.000","","","","maxPurchases: 59","Does not add idle draw. CRON queue insertion can add a temporary 1.2 mW spike."
"upgrade_tier","cronInterval","CRON Interval","cron","9","9","8","9","694","23","51","s minimum CRON interval","0.000","","0.000","","","","maxPurchases: 59","Does not add idle draw. CRON queue insertion can add a temporary 1.2 mW spike."
"upgrade_tier","cronInterval","CRON Interval","cron","10","10","9","10","986","27","50","s minimum CRON interval","0.000","","0.000","","","","maxPurchases: 59","Does not add idle draw. CRON queue insertion can add a temporary 1.2 mW spike."
"upgrade_tier","cronInterval","CRON Interval","cron","11","11","10","11","1400","31","49","s minimum CRON interval","0.000","","0.000","","","","maxPurchases: 59","Does not add idle draw. CRON queue insertion can add a temporary 1.2 mW spike."
"upgrade_tier","cronInterval","CRON Interval","cron","12","12","11","12","1988","37","48","s minimum CRON interval","0.000","","0.000","","","","maxPurchases: 59","Does not add idle draw. CRON queue insertion can add a temporary 1.2 mW spike."
"upgrade_tier","cronInterval","CRON Interval","cron","13","13","12","13","2823","44","47","s minimum CRON interval","0.000","","0.000","","","","maxPurchases: 59","Does not add idle draw. CRON queue insertion can add a temporary 1.2 mW spike."
"upgrade_tier","cronInterval","CRON Interval","cron","14","14","13","14","4009","52","46","s minimum CRON interval","0.000","","0.000","","","","maxPurchases: 59","Does not add idle draw. CRON queue insertion can add a temporary 1.2 mW spike."
"upgrade_tier","cronInterval","CRON Interval","cron","15","15","14","15","5692","61","45","s minimum CRON interval","0.000","","0.000","","","","maxPurchases: 59","Does not add idle draw. CRON queue insertion can add a temporary 1.2 mW spike."
"upgrade_tier","cronInterval","CRON Interval","cron","16","16","15","16","8083","72","44","s minimum CRON interval","0.000","","0.000","","","","maxPurchases: 59","Does not add idle draw. CRON queue insertion can add a temporary 1.2 mW spike."
"upgrade_tier","cronInterval","CRON Interval","cron","17","17","16","17","11478","85","43","s minimum CRON interval","0.000","","0.000","","","","maxPurchases: 59","Does not add idle draw. CRON queue insertion can add a temporary 1.2 mW spike."
"upgrade_tier","cronInterval","CRON Interval","cron","18","18","17","18","16299","100","42","s minimum CRON interval","0.000","","0.000","","","","maxPurchases: 59","Does not add idle draw. CRON queue insertion can add a temporary 1.2 mW spike."
"upgrade_tier","cronInterval","CRON Interval","cron","19","19","18","19","23144","118","41","s minimum CRON interval","0.000","","0.000","","","","maxPurchases: 59","Does not add idle draw. CRON queue insertion can add a temporary 1.2 mW spike."
"upgrade_tier","cronInterval","CRON Interval","cron","20","20","19","20","32865","139","40","s minimum CRON interval","0.000","","0.000","","","","maxPurchases: 59","Does not add idle draw. CRON queue insertion can add a temporary 1.2 mW spike."
"upgrade_tier","cronInterval","CRON Interval","cron","21","21","20","21","46668","164","39","s minimum CRON interval","0.000","","0.000","","","","maxPurchases: 59","Does not add idle draw. CRON queue insertion can add a temporary 1.2 mW spike."
"upgrade_tier","cronInterval","CRON Interval","cron","22","22","21","22","66268","194","38","s minimum CRON interval","0.000","","0.000","","","","maxPurchases: 59","Does not add idle draw. CRON queue insertion can add a temporary 1.2 mW spike."
"upgrade_tier","cronInterval","CRON Interval","cron","23","23","22","23","94101","229","37","s minimum CRON interval","0.000","","0.000","","","","maxPurchases: 59","Does not add idle draw. CRON queue insertion can add a temporary 1.2 mW spike."
"upgrade_tier","cronInterval","CRON Interval","cron","24","24","23","24","133623","270","36","s minimum CRON interval","0.000","","0.000","","","","maxPurchases: 59","Does not add idle draw. CRON queue insertion can add a temporary 1.2 mW spike."
"upgrade_tier","cronInterval","CRON Interval","cron","25","25","24","25","189745","319","35","s minimum CRON interval","0.000","","0.000","","","","maxPurchases: 59","Does not add idle draw. CRON queue insertion can add a temporary 1.2 mW spike."
"upgrade_tier","cronInterval","CRON Interval","cron","26","26","25","26","269437","376","34","s minimum CRON interval","0.000","","0.000","","","","maxPurchases: 59","Does not add idle draw. CRON queue insertion can add a temporary 1.2 mW spike."
"upgrade_tier","cronInterval","CRON Interval","cron","27","27","26","27","382601","444","33","s minimum CRON interval","0.000","","0.000","","","","maxPurchases: 59","Does not add idle draw. CRON queue insertion can add a temporary 1.2 mW spike."
"upgrade_tier","cronInterval","CRON Interval","cron","28","28","27","28","543294","524","32","s minimum CRON interval","0.000","","0.000","","","","maxPurchases: 59","Does not add idle draw. CRON queue insertion can add a temporary 1.2 mW spike."
"upgrade_tier","cronInterval","CRON Interval","cron","29","29","28","29","771477","618","31","s minimum CRON interval","0.000","","0.000","","","","maxPurchases: 59","Does not add idle draw. CRON queue insertion can add a temporary 1.2 mW spike."
"upgrade_tier","cronInterval","CRON Interval","cron","30","30","29","30","1095497","729","30","s minimum CRON interval","0.000","","0.000","","","","maxPurchases: 59","Does not add idle draw. CRON queue insertion can add a temporary 1.2 mW spike."
"upgrade_tier","cronInterval","CRON Interval","cron","31","31","30","31","1555606","860","29","s minimum CRON interval","0.000","","0.000","","","","maxPurchases: 59","Does not add idle draw. CRON queue insertion can add a temporary 1.2 mW spike."
"upgrade_tier","cronInterval","CRON Interval","cron","32","32","31","32","2208961","1015","28","s minimum CRON interval","0.000","","0.000","","","","maxPurchases: 59","Does not add idle draw. CRON queue insertion can add a temporary 1.2 mW spike."
"upgrade_tier","cronInterval","CRON Interval","cron","33","33","32","33","3136724","1198","27","s minimum CRON interval","0.000","","0.000","","","","maxPurchases: 59","Does not add idle draw. CRON queue insertion can add a temporary 1.2 mW spike."
"upgrade_tier","cronInterval","CRON Interval","cron","34","34","33","34","4454148","1413","26","s minimum CRON interval","0.000","","0.000","","","","maxPurchases: 59","Does not add idle draw. CRON queue insertion can add a temporary 1.2 mW spike."
"upgrade_tier","cronInterval","CRON Interval","cron","35","35","34","35","6324890","1668","25","s minimum CRON interval","0.000","","0.000","","","","maxPurchases: 59","Does not add idle draw. CRON queue insertion can add a temporary 1.2 mW spike."
"upgrade_tier","cronInterval","CRON Interval","cron","36","36","35","36","8981344","1968","24","s minimum CRON interval","0.000","","0.000","","","","maxPurchases: 59","Does not add idle draw. CRON queue insertion can add a temporary 1.2 mW spike."
"upgrade_tier","cronInterval","CRON Interval","cron","37","37","36","37","12753509","2322","23","s minimum CRON interval","0.000","","0.000","","","","maxPurchases: 59","Does not add idle draw. CRON queue insertion can add a temporary 1.2 mW spike."
"upgrade_tier","cronInterval","CRON Interval","cron","38","38","37","38","18109983","2740","22","s minimum CRON interval","0.000","","0.000","","","","maxPurchases: 59","Does not add idle draw. CRON queue insertion can add a temporary 1.2 mW spike."
"upgrade_tier","cronInterval","CRON Interval","cron","39","39","38","39","25716175","3233","21","s minimum CRON interval","0.000","","0.000","","","","maxPurchases: 59","Does not add idle draw. CRON queue insertion can add a temporary 1.2 mW spike."
"upgrade_tier","cronInterval","CRON Interval","cron","40","40","39","40","36516969","3815","20","s minimum CRON interval","0.000","","0.000","","","","maxPurchases: 59","Does not add idle draw. CRON queue insertion can add a temporary 1.2 mW spike."
"upgrade_tier","cronInterval","CRON Interval","cron","41","41","40","41","51854096","4502","19","s minimum CRON interval","0.000","","0.000","","","","maxPurchases: 59","Does not add idle draw. CRON queue insertion can add a temporary 1.2 mW spike."
"upgrade_tier","cronInterval","CRON Interval","cron","42","42","41","42","73632816","5313","18","s minimum CRON interval","0.000","","0.000","","","","maxPurchases: 59","Does not add idle draw. CRON queue insertion can add a temporary 1.2 mW spike."
"upgrade_tier","cronInterval","CRON Interval","cron","43","43","42","43","104558599","6269","17","s minimum CRON interval","0.000","","0.000","","","","maxPurchases: 59","Does not add idle draw. CRON queue insertion can add a temporary 1.2 mW spike."
"upgrade_tier","cronInterval","CRON Interval","cron","44","44","43","44","148473210","7397","16","s minimum CRON interval","0.000","","0.000","","","","maxPurchases: 59","Does not add idle draw. CRON queue insertion can add a temporary 1.2 mW spike."
"upgrade_tier","cronInterval","CRON Interval","cron","45","45","44","45","210831959","8729","15","s minimum CRON interval","0.000","","0.000","","","","maxPurchases: 59","Does not add idle draw. CRON queue insertion can add a temporary 1.2 mW spike."
"upgrade_tier","cronInterval","CRON Interval","cron","46","46","45","46","299381381","10300","14","s minimum CRON interval","0.000","","0.000","","","","maxPurchases: 59","Does not add idle draw. CRON queue insertion can add a temporary 1.2 mW spike."
"upgrade_tier","cronInterval","CRON Interval","cron","47","47","46","47","425121561","12154","13","s minimum CRON interval","0.000","","0.000","","","","maxPurchases: 59","Does not add idle draw. CRON queue insertion can add a temporary 1.2 mW spike."
"upgrade_tier","cronInterval","CRON Interval","cron","48","48","47","48","603672617","14342","12","s minimum CRON interval","0.000","","0.000","","","","maxPurchases: 59","Does not add idle draw. CRON queue insertion can add a temporary 1.2 mW spike."
"upgrade_tier","cronInterval","CRON Interval","cron","49","49","48","49","857215116","16923","11","s minimum CRON interval","0.000","","0.000","","","","maxPurchases: 59","Does not add idle draw. CRON queue insertion can add a temporary 1.2 mW spike."
"upgrade_tier","cronInterval","CRON Interval","cron","50","50","49","50","1217245465","19970","10","s minimum CRON interval","0.000","","0.000","","","","maxPurchases: 59","Does not add idle draw. CRON queue insertion can add a temporary 1.2 mW spike."
"upgrade_tier","cronInterval","CRON Interval","cron","51","51","50","51","1728488560","23564","9","s minimum CRON interval","0.000","","0.000","","","","maxPurchases: 59","Does not add idle draw. CRON queue insertion can add a temporary 1.2 mW spike."
"upgrade_tier","cronInterval","CRON Interval","cron","52","52","51","52","2454453755","27806","8","s minimum CRON interval","0.000","","0.000","","","","maxPurchases: 59","Does not add idle draw. CRON queue insertion can add a temporary 1.2 mW spike."
"upgrade_tier","cronInterval","CRON Interval","cron","53","53","52","53","3485324333","32811","7","s minimum CRON interval","0.000","","0.000","","","","maxPurchases: 59","Does not add idle draw. CRON queue insertion can add a temporary 1.2 mW spike."
"upgrade_tier","cronInterval","CRON Interval","cron","54","54","53","54","4949160552","38717","6","s minimum CRON interval","0.000","","0.000","","","","maxPurchases: 59","Does not add idle draw. CRON queue insertion can add a temporary 1.2 mW spike."
"upgrade_tier","cronInterval","CRON Interval","cron","55","55","54","55","7027807984","45686","5","s minimum CRON interval","0.000","","0.000","","","","maxPurchases: 59","Does not add idle draw. CRON queue insertion can add a temporary 1.2 mW spike."
"upgrade_tier","cronInterval","CRON Interval","cron","56","56","55","56","9979487338","53909","4","s minimum CRON interval","0.000","","0.000","","","","maxPurchases: 59","Does not add idle draw. CRON queue insertion can add a temporary 1.2 mW spike."
"upgrade_tier","cronInterval","CRON Interval","cron","57","57","56","57","14170872020","63613","3","s minimum CRON interval","0.000","","0.000","","","","maxPurchases: 59","Does not add idle draw. CRON queue insertion can add a temporary 1.2 mW spike."
"upgrade_tier","cronInterval","CRON Interval","cron","58","58","57","58","20122638268","75063","2","s minimum CRON interval","0.000","","0.000","","","","maxPurchases: 59","Does not add idle draw. CRON queue insertion can add a temporary 1.2 mW spike."
"upgrade_tier","cronInterval","CRON Interval","cron","59","59","58","59","28574146341","88574","1","s minimum CRON interval","0.000","","0.000","","","","maxPurchases: 59","Does not add idle draw. CRON queue insertion can add a temporary 1.2 mW spike."
"upgrade_tier","autoRepeat","Auto-Repeat","scheduler","1","1","0","1","64","4","1","legacy unlock","0.000","","0.000","","","","maxPurchases: 1; requirement currently false","Defined in upgradeDefinitions but not currently exposed as a buyable hardware control. Result detail: hidden legacy broad auto-repeat."
"upgrade_tier","basicQueue","Local Scheduler","scheduler","1","1","0","1","140","10","1","legacy unlock","0.000","","0.000","","","","maxPurchases: 1; requirement currently false","Defined in upgradeDefinitions but not currently exposed as a buyable hardware control. Result detail: hidden legacy local scheduler direct install."
"upgrade_tier","scheduler","System Scheduler","scheduler","1","1","0","1","320","16","1","legacy unlock","0.000","","0.000","","","","maxPurchases: 1; requirement currently false","Defined in upgradeDefinitions but not currently exposed as a buyable hardware control. Result detail: hidden legacy system scheduler direct install."
"upgrade_tier","secondCpu","Unmatched CPU","socket","1","1","0","1","900","24","1","CPU package installed","1.040","","1.040","","","","maxPurchases: 1","Unmatched CPU installs a base package. Delta is measured from a baseline one-CPU idle system. Result detail: installs one base 1-core CPU package."
"upgrade_tier","matchedCpu","Matched CPU","socket","1","1","0","1","900","24","1","CPU package installed","1.040","","1.040","","","","maxPurchases: 1","Matched CPU cost and power are state-dependent; this row uses a baseline one-core source. Copied source upgrades add their own costs and draw. Result detail: copies the selected source CPU package."
"upgrade_tier","ram","RAM Stick","ram","1","1","0","1","16","34","1","installed RAM sticks","0.270","","0.270","","","","expanded through catalog RAM kit ceiling of 8 sticks; in-game curve is uncapped","Adds one base RAM stick. Capacity and frequency upgrades are separate per-stick controls. New RAM sticks are 256 b at 1 Hz."
"upgrade_tier","ram","RAM Stick","ram","2","2","1","2","24","58","2","installed RAM sticks","0.540","","0.270","","","","expanded through catalog RAM kit ceiling of 8 sticks; in-game curve is uncapped","Adds one base RAM stick. Capacity and frequency upgrades are separate per-stick controls. New RAM sticks are 256 b at 1 Hz."
"upgrade_tier","ram","RAM Stick","ram","3","3","2","3","35","101","3","installed RAM sticks","0.810","","0.270","","","","expanded through catalog RAM kit ceiling of 8 sticks; in-game curve is uncapped","Adds one base RAM stick. Capacity and frequency upgrades are separate per-stick controls. New RAM sticks are 256 b at 1 Hz."
"upgrade_tier","ram","RAM Stick","ram","4","4","3","4","52","173","4","installed RAM sticks","1.080","","0.270","","","","expanded through catalog RAM kit ceiling of 8 sticks; in-game curve is uncapped","Adds one base RAM stick. Capacity and frequency upgrades are separate per-stick controls. New RAM sticks are 256 b at 1 Hz."
"upgrade_tier","ram","RAM Stick","ram","5","5","4","5","77","298","5","installed RAM sticks","1.350","","0.270","","","","expanded through catalog RAM kit ceiling of 8 sticks; in-game curve is uncapped","Adds one base RAM stick. Capacity and frequency upgrades are separate per-stick controls. New RAM sticks are 256 b at 1 Hz."
"upgrade_tier","ram","RAM Stick","ram","6","6","5","6","114","512","6","installed RAM sticks","1.620","","0.270","","","","expanded through catalog RAM kit ceiling of 8 sticks; in-game curve is uncapped","Adds one base RAM stick. Capacity and frequency upgrades are separate per-stick controls. New RAM sticks are 256 b at 1 Hz."
"upgrade_tier","ram","RAM Stick","ram","7","7","6","7","168","880","7","installed RAM sticks","1.890","","0.270","","","","expanded through catalog RAM kit ceiling of 8 sticks; in-game curve is uncapped","Adds one base RAM stick. Capacity and frequency upgrades are separate per-stick controls. New RAM sticks are 256 b at 1 Hz."
"upgrade_tier","ram","RAM Stick","ram","8","8","7","8","249","1514","8","installed RAM sticks","2.160","","0.270","","","","expanded through catalog RAM kit ceiling of 8 sticks; in-game curve is uncapped","Adds one base RAM stick. Capacity and frequency upgrades are separate per-stick controls. New RAM sticks are 256 b at 1 Hz."
"upgrade_tier","ramCapacity","RAM Capacity","ram","2","1","1","2","16","34","512","b per targeted RAM stick","0.321","","0.051","","","","expanded through catalog RAM capacity level 16; in-game curve is uncapped","Per targeted stick. All-stick targeting multiplies cost and power delta by selected stick count."
"upgrade_tier","ramCapacity","RAM Capacity","ram","3","2","2","3","24","58","1024","b per targeted RAM stick","0.376","","0.056","","","","expanded through catalog RAM capacity level 16; in-game curve is uncapped","Per targeted stick. All-stick targeting multiplies cost and power delta by selected stick count."
"upgrade_tier","ramCapacity","RAM Capacity","ram","4","3","3","4","35","101","2048","b per targeted RAM stick","0.435","","0.059","","","","expanded through catalog RAM capacity level 16; in-game curve is uncapped","Per targeted stick. All-stick targeting multiplies cost and power delta by selected stick count."
"upgrade_tier","ramCapacity","RAM Capacity","ram","5","4","4","5","52","173","4096","b per targeted RAM stick","0.497","","0.062","","","","expanded through catalog RAM capacity level 16; in-game curve is uncapped","Per targeted stick. All-stick targeting multiplies cost and power delta by selected stick count."
"upgrade_tier","ramCapacity","RAM Capacity","ram","6","5","5","6","77","298","8192","b per targeted RAM stick","0.561","","0.064","","","","expanded through catalog RAM capacity level 16; in-game curve is uncapped","Per targeted stick. All-stick targeting multiplies cost and power delta by selected stick count."
"upgrade_tier","ramCapacity","RAM Capacity","ram","7","6","6","7","114","512","16384","b per targeted RAM stick","0.627","","0.066","","","","expanded through catalog RAM capacity level 16; in-game curve is uncapped","Per targeted stick. All-stick targeting multiplies cost and power delta by selected stick count."
"upgrade_tier","ramCapacity","RAM Capacity","ram","8","7","7","8","168","880","32768","b per targeted RAM stick","0.695","","0.068","","","","expanded through catalog RAM capacity level 16; in-game curve is uncapped","Per targeted stick. All-stick targeting multiplies cost and power delta by selected stick count."
"upgrade_tier","ramCapacity","RAM Capacity","ram","9","8","8","9","249","1514","65536","b per targeted RAM stick","0.765","","0.069","","","","expanded through catalog RAM capacity level 16; in-game curve is uncapped","Per targeted stick. All-stick targeting multiplies cost and power delta by selected stick count."
"upgrade_tier","ramCapacity","RAM Capacity","ram","10","9","9","10","368","2604","131072","b per targeted RAM stick","0.835","","0.071","","","","expanded through catalog RAM capacity level 16; in-game curve is uncapped","Per targeted stick. All-stick targeting multiplies cost and power delta by selected stick count."
"upgrade_tier","ramCapacity","RAM Capacity","ram","11","10","10","11","545","4480","262144","b per targeted RAM stick","0.907","","0.072","","","","expanded through catalog RAM capacity level 16; in-game curve is uncapped","Per targeted stick. All-stick targeting multiplies cost and power delta by selected stick count."
"upgrade_tier","ramCapacity","RAM Capacity","ram","12","11","11","12","807","7705","524288","b per targeted RAM stick","0.981","","0.073","","","","expanded through catalog RAM capacity level 16; in-game curve is uncapped","Per targeted stick. All-stick targeting multiplies cost and power delta by selected stick count."
"upgrade_tier","ramCapacity","RAM Capacity","ram","13","12","12","13","1194","13252","1048576","b per targeted RAM stick","1.055","","0.074","","","","expanded through catalog RAM capacity level 16; in-game curve is uncapped","Per targeted stick. All-stick targeting multiplies cost and power delta by selected stick count."
"upgrade_tier","ramCapacity","RAM Capacity","ram","14","13","13","14","1767","22794","2097152","b per targeted RAM stick","1.131","","0.075","","","","expanded through catalog RAM capacity level 16; in-game curve is uncapped","Per targeted stick. All-stick targeting multiplies cost and power delta by selected stick count."
"upgrade_tier","ramCapacity","RAM Capacity","ram","15","14","14","15","2615","39206","4194304","b per targeted RAM stick","1.207","","0.076","","","","expanded through catalog RAM capacity level 16; in-game curve is uncapped","Per targeted stick. All-stick targeting multiplies cost and power delta by selected stick count."
"upgrade_tier","ramCapacity","RAM Capacity","ram","16","15","15","16","3871","67434","8388608","b per targeted RAM stick","1.284","","0.077","","","","expanded through catalog RAM capacity level 16; in-game curve is uncapped","Per targeted stick. All-stick targeting multiplies cost and power delta by selected stick count."
"upgrade_tier","ramSpeed","RAM Frequency","ram","2","1","1","2","14","0","2","Hz per targeted RAM stick","0.330","","0.060","","","","expanded through catalog RAM frequency level 19; in-game curve is uncapped","Per targeted stick. Stick speeds are not summed into one total speed."
"upgrade_tier","ramSpeed","RAM Frequency","ram","3","2","2","3","20","0","4","Hz per targeted RAM stick","0.395","","0.065","","","","expanded through catalog RAM frequency level 19; in-game curve is uncapped","Per targeted stick. Stick speeds are not summed into one total speed."
"upgrade_tier","ramSpeed","RAM Frequency","ram","4","3","3","4","29","0","8","Hz per targeted RAM stick","0.463","","0.068","","","","expanded through catalog RAM frequency level 19; in-game curve is uncapped","Per targeted stick. Stick speeds are not summed into one total speed."
"upgrade_tier","ramSpeed","RAM Frequency","ram","5","4","4","5","43","0","16","Hz per targeted RAM stick","0.533","","0.070","","","","expanded through catalog RAM frequency level 19; in-game curve is uncapped","Per targeted stick. Stick speeds are not summed into one total speed."
"upgrade_tier","ramSpeed","RAM Frequency","ram","6","5","5","6","62","0","32","Hz per targeted RAM stick","0.606","","0.072","","","","expanded through catalog RAM frequency level 19; in-game curve is uncapped","Per targeted stick. Stick speeds are not summed into one total speed."
"upgrade_tier","ramSpeed","RAM Frequency","ram","7","6","6","7","90","0","64","Hz per targeted RAM stick","0.680","","0.074","","","","expanded through catalog RAM frequency level 19; in-game curve is uncapped","Per targeted stick. Stick speeds are not summed into one total speed."
"upgrade_tier","ramSpeed","RAM Frequency","ram","8","7","7","8","130","0","128","Hz per targeted RAM stick","0.755","","0.076","","","","expanded through catalog RAM frequency level 19; in-game curve is uncapped","Per targeted stick. Stick speeds are not summed into one total speed."
"upgrade_tier","ramSpeed","RAM Frequency","ram","9","8","8","9","189","0","256","Hz per targeted RAM stick","0.832","","0.077","","","","expanded through catalog RAM frequency level 19; in-game curve is uncapped","Per targeted stick. Stick speeds are not summed into one total speed."
"upgrade_tier","ramSpeed","RAM Frequency","ram","10","9","9","10","274","0","512","Hz per targeted RAM stick","0.910","","0.078","","","","expanded through catalog RAM frequency level 19; in-game curve is uncapped","Per targeted stick. Stick speeds are not summed into one total speed."
"upgrade_tier","ramSpeed","RAM Frequency","ram","11","10","10","11","397","0","1024","Hz per targeted RAM stick","0.989","","0.079","","","","expanded through catalog RAM frequency level 19; in-game curve is uncapped","Per targeted stick. Stick speeds are not summed into one total speed."
"upgrade_tier","ramSpeed","RAM Frequency","ram","12","11","11","12","575","0","2048","Hz per targeted RAM stick","1.070","","0.080","","","","expanded through catalog RAM frequency level 19; in-game curve is uncapped","Per targeted stick. Stick speeds are not summed into one total speed."
"upgrade_tier","ramSpeed","RAM Frequency","ram","13","12","12","13","834","0","4096","Hz per targeted RAM stick","1.151","","0.081","","","","expanded through catalog RAM frequency level 19; in-game curve is uncapped","Per targeted stick. Stick speeds are not summed into one total speed."
"upgrade_tier","ramSpeed","RAM Frequency","ram","14","13","13","14","1209","0","8192","Hz per targeted RAM stick","1.233","","0.082","","","","expanded through catalog RAM frequency level 19; in-game curve is uncapped","Per targeted stick. Stick speeds are not summed into one total speed."
"upgrade_tier","ramSpeed","RAM Frequency","ram","15","14","14","15","1754","0","16384","Hz per targeted RAM stick","1.316","","0.083","","","","expanded through catalog RAM frequency level 19; in-game curve is uncapped","Per targeted stick. Stick speeds are not summed into one total speed."
"upgrade_tier","ramSpeed","RAM Frequency","ram","16","15","15","16","2543","0","32768","Hz per targeted RAM stick","1.399","","0.084","","","","expanded through catalog RAM frequency level 19; in-game curve is uncapped","Per targeted stick. Stick speeds are not summed into one total speed."
"upgrade_tier","ramSpeed","RAM Frequency","ram","17","16","16","17","3687","0","65536","Hz per targeted RAM stick","1.484","","0.084","","","","expanded through catalog RAM frequency level 19; in-game curve is uncapped","Per targeted stick. Stick speeds are not summed into one total speed."
"upgrade_tier","ramSpeed","RAM Frequency","ram","18","17","17","18","5346","0","131072","Hz per targeted RAM stick","1.569","","0.085","","","","expanded through catalog RAM frequency level 19; in-game curve is uncapped","Per targeted stick. Stick speeds are not summed into one total speed."
"upgrade_tier","ramSpeed","RAM Frequency","ram","19","18","18","19","7751","0","262144","Hz per targeted RAM stick","1.655","","0.086","","","","expanded through catalog RAM frequency level 19; in-game curve is uncapped","Per targeted stick. Stick speeds are not summed into one total speed."
"upgrade_tier","psu","PSU Capacity","psu","2","1","1","2","24","0","20","mW PSU capacity","0.000","","0.000","20.000","8.000","","expanded through catalog PSU level 32; in-game curve is uncapped","Increases rated PSU capacity/headroom. The PSU capacity upgrade itself does not add idle draw."
"upgrade_tier","psu","PSU Capacity","psu","3","2","2","3","34","0","35","mW PSU capacity","0.000","","0.000","35.000","15.000","","expanded through catalog PSU level 32; in-game curve is uncapped","Increases rated PSU capacity/headroom. The PSU capacity upgrade itself does not add idle draw."
"upgrade_tier","psu","PSU Capacity","psu","4","3","3","4","48","0","59","mW PSU capacity","0.000","","0.000","59.000","24.000","","expanded through catalog PSU level 32; in-game curve is uncapped","Increases rated PSU capacity/headroom. The PSU capacity upgrade itself does not add idle draw."
"upgrade_tier","psu","PSU Capacity","psu","5","4","4","5","69","0","100","mW PSU capacity","0.000","","0.000","100.000","41.000","","expanded through catalog PSU level 32; in-game curve is uncapped","Increases rated PSU capacity/headroom. The PSU capacity upgrade itself does not add idle draw."
"upgrade_tier","psu","PSU Capacity","psu","6","5","5","6","98","0","170","mW PSU capacity","0.000","","0.000","170.000","70.000","","expanded through catalog PSU level 32; in-game curve is uncapped","Increases rated PSU capacity/headroom. The PSU capacity upgrade itself does not add idle draw."
"upgrade_tier","psu","PSU Capacity","psu","7","6","6","7","139","0","290","mW PSU capacity","0.000","","0.000","290.000","120.000","","expanded through catalog PSU level 32; in-game curve is uncapped","Increases rated PSU capacity/headroom. The PSU capacity upgrade itself does not add idle draw."
"upgrade_tier","psu","PSU Capacity","psu","8","7","7","8","197","0","492","mW PSU capacity","0.000","","0.000","492.000","202.000","","expanded through catalog PSU level 32; in-game curve is uncapped","Increases rated PSU capacity/headroom. The PSU capacity upgrade itself does not add idle draw."
"upgrade_tier","psu","PSU Capacity","psu","9","8","8","9","279","0","837","mW PSU capacity","0.000","","0.000","837.000","345.000","","expanded through catalog PSU level 32; in-game curve is uncapped","Increases rated PSU capacity/headroom. The PSU capacity upgrade itself does not add idle draw."
"upgrade_tier","psu","PSU Capacity","psu","10","9","9","10","397","0","1423","mW PSU capacity","0.000","","0.000","1423.000","586.000","","expanded through catalog PSU level 32; in-game curve is uncapped","Increases rated PSU capacity/headroom. The PSU capacity upgrade itself does not add idle draw."
"upgrade_tier","psu","PSU Capacity","psu","11","10","10","11","563","0","2419","mW PSU capacity","0.000","","0.000","2419.000","996.000","","expanded through catalog PSU level 32; in-game curve is uncapped","Increases rated PSU capacity/headroom. The PSU capacity upgrade itself does not add idle draw."
"upgrade_tier","psu","PSU Capacity","psu","12","11","11","12","800","0","4113","mW PSU capacity","0.000","","0.000","4113.000","1694.000","","expanded through catalog PSU level 32; in-game curve is uncapped","Increases rated PSU capacity/headroom. The PSU capacity upgrade itself does not add idle draw."
"upgrade_tier","psu","PSU Capacity","psu","13","12","12","13","1136","0","6991","mW PSU capacity","0.000","","0.000","6991.000","2878.000","","expanded through catalog PSU level 32; in-game curve is uncapped","Increases rated PSU capacity/headroom. The PSU capacity upgrade itself does not add idle draw."
"upgrade_tier","psu","PSU Capacity","psu","14","13","13","14","1613","0","11885","mW PSU capacity","0.000","","0.000","11885.000","4894.000","","expanded through catalog PSU level 32; in-game curve is uncapped","Increases rated PSU capacity/headroom. The PSU capacity upgrade itself does not add idle draw."
"upgrade_tier","psu","PSU Capacity","psu","15","14","14","15","2291","0","20205","mW PSU capacity","0.000","","0.000","20205.000","8320.000","","expanded through catalog PSU level 32; in-game curve is uncapped","Increases rated PSU capacity/headroom. The PSU capacity upgrade itself does not add idle draw."
"upgrade_tier","psu","PSU Capacity","psu","16","15","15","16","3253","0","34349","mW PSU capacity","0.000","","0.000","34349.000","14144.000","","expanded through catalog PSU level 32; in-game curve is uncapped","Increases rated PSU capacity/headroom. The PSU capacity upgrade itself does not add idle draw."
"upgrade_tier","psu","PSU Capacity","psu","17","16","16","17","4619","0","58393","mW PSU capacity","0.000","","0.000","58393.000","24044.000","","expanded through catalog PSU level 32; in-game curve is uncapped","Increases rated PSU capacity/headroom. The PSU capacity upgrade itself does not add idle draw."
"upgrade_tier","psu","PSU Capacity","psu","18","17","17","18","6559","0","99269","mW PSU capacity","0.000","","0.000","99269.000","40876.000","","expanded through catalog PSU level 32; in-game curve is uncapped","Increases rated PSU capacity/headroom. The PSU capacity upgrade itself does not add idle draw."
"upgrade_tier","psu","PSU Capacity","psu","19","18","18","19","9314","0","168757","mW PSU capacity","0.000","","0.000","168757.000","69488.000","","expanded through catalog PSU level 32; in-game curve is uncapped","Increases rated PSU capacity/headroom. The PSU capacity upgrade itself does not add idle draw."
"upgrade_tier","psu","PSU Capacity","psu","20","19","19","20","13225","0","286887","mW PSU capacity","0.000","","0.000","286887.000","118130.000","","expanded through catalog PSU level 32; in-game curve is uncapped","Increases rated PSU capacity/headroom. The PSU capacity upgrade itself does not add idle draw."
"upgrade_tier","psu","PSU Capacity","psu","21","20","20","21","18780","0","487708","mW PSU capacity","0.000","","0.000","487708.000","200821.000","","expanded through catalog PSU level 32; in-game curve is uncapped","Increases rated PSU capacity/headroom. The PSU capacity upgrade itself does not add idle draw."
"upgrade_tier","psu","PSU Capacity","psu","22","21","21","22","26667","0","829103","mW PSU capacity","0.000","","0.000","829103.000","341395.000","","expanded through catalog PSU level 32; in-game curve is uncapped","Increases rated PSU capacity/headroom. The PSU capacity upgrade itself does not add idle draw."
"upgrade_tier","psu","PSU Capacity","psu","23","22","22","23","37867","0","1409475","mW PSU capacity","0.000","","0.000","1409475.000","580372.000","","expanded through catalog PSU level 32; in-game curve is uncapped","Increases rated PSU capacity/headroom. The PSU capacity upgrade itself does not add idle draw."
"upgrade_tier","psu","PSU Capacity","psu","24","23","23","24","53772","0","2396108","mW PSU capacity","0.000","","0.000","2396108.000","986633.000","","expanded through catalog PSU level 32; in-game curve is uncapped","Increases rated PSU capacity/headroom. The PSU capacity upgrade itself does not add idle draw."
"upgrade_tier","psu","PSU Capacity","psu","25","24","24","25","76356","0","4073384","mW PSU capacity","0.000","","0.000","4073384.000","1677276.000","","expanded through catalog PSU level 32; in-game curve is uncapped","Increases rated PSU capacity/headroom. The PSU capacity upgrade itself does not add idle draw."
"upgrade_tier","psu","PSU Capacity","psu","26","25","25","26","108426","0","6924753","mW PSU capacity","0.000","","0.000","6924753.000","2851369.000","","expanded through catalog PSU level 32; in-game curve is uncapped","Increases rated PSU capacity/headroom. The PSU capacity upgrade itself does not add idle draw."
"upgrade_tier","psu","PSU Capacity","psu","27","26","26","27","153964","0","11772080","mW PSU capacity","0.000","","0.000","11772080.000","4847327.000","","expanded through catalog PSU level 32; in-game curve is uncapped","Increases rated PSU capacity/headroom. The PSU capacity upgrade itself does not add idle draw."
"upgrade_tier","psu","PSU Capacity","psu","28","27","27","28","218629","0","20012536","mW PSU capacity","0.000","","0.000","20012536.000","8240456.000","","expanded through catalog PSU level 32; in-game curve is uncapped","Increases rated PSU capacity/headroom. The PSU capacity upgrade itself does not add idle draw."
"upgrade_tier","psu","PSU Capacity","psu","29","28","28","29","310453","0","34021311","mW PSU capacity","0.000","","0.000","34021311.000","14008775.000","","expanded through catalog PSU level 32; in-game curve is uncapped","Increases rated PSU capacity/headroom. The PSU capacity upgrade itself does not add idle draw."
"upgrade_tier","psu","PSU Capacity","psu","30","29","29","30","440844","0","57836229","mW PSU capacity","0.000","","0.000","57836229.000","23814918.000","","expanded through catalog PSU level 32; in-game curve is uncapped","Increases rated PSU capacity/headroom. The PSU capacity upgrade itself does not add idle draw."
"upgrade_tier","psu","PSU Capacity","psu","31","30","30","31","625998","0","98321589","mW PSU capacity","0.000","","0.000","98321589.000","40485360.000","","expanded through catalog PSU level 32; in-game curve is uncapped","Increases rated PSU capacity/headroom. The PSU capacity upgrade itself does not add idle draw."
"upgrade_tier","psu","PSU Capacity","psu","32","31","31","32","888918","0","167146701","mW PSU capacity","0.000","","0.000","167146701.000","68825112.000","","expanded through catalog PSU level 32; in-game curve is uncapped","Increases rated PSU capacity/headroom. The PSU capacity upgrade itself does not add idle draw."
"upgrade_tier","cooling","Cooling Loop","thermal","1","1","0","1","180","8","1","cooling rating","0.180","","0.180","","","","first 10 tiers shown; Thermal is deferred and in-game curve is uncapped","Cooling is currently deferred; rows show the defined cost/draw curve."
"upgrade_tier","cooling","Cooling Loop","thermal","2","2","1","2","317","11","1.28","cooling rating","0.391","","0.211","","","","first 10 tiers shown; Thermal is deferred and in-game curve is uncapped","Cooling is currently deferred; rows show the defined cost/draw curve."
"upgrade_tier","cooling","Cooling Loop","thermal","3","3","2","3","558","15","1.56","cooling rating","0.616","","0.225","","","","first 10 tiers shown; Thermal is deferred and in-game curve is uncapped","Cooling is currently deferred; rows show the defined cost/draw curve."
"upgrade_tier","cooling","Cooling Loop","thermal","4","4","3","4","981","21","1.84","cooling rating","0.850","","0.234","","","","first 10 tiers shown; Thermal is deferred and in-game curve is uncapped","Cooling is currently deferred; rows show the defined cost/draw curve."
"upgrade_tier","cooling","Cooling Loop","thermal","5","5","4","5","1727","29","2.12","cooling rating","1.092","","0.241","","","","first 10 tiers shown; Thermal is deferred and in-game curve is uncapped","Cooling is currently deferred; rows show the defined cost/draw curve."
"upgrade_tier","cooling","Cooling Loop","thermal","6","6","5","6","3040","40","2.4","cooling rating","1.339","","0.247","","","","first 10 tiers shown; Thermal is deferred and in-game curve is uncapped","Cooling is currently deferred; rows show the defined cost/draw curve."
"upgrade_tier","cooling","Cooling Loop","thermal","7","7","6","7","5350","55","2.68","cooling rating","1.591","","0.252","","","","first 10 tiers shown; Thermal is deferred and in-game curve is uncapped","Cooling is currently deferred; rows show the defined cost/draw curve."
"upgrade_tier","cooling","Cooling Loop","thermal","8","8","7","8","9416","76","2.96","cooling rating","1.848","","0.257","","","","first 10 tiers shown; Thermal is deferred and in-game curve is uncapped","Cooling is currently deferred; rows show the defined cost/draw curve."
"upgrade_tier","cooling","Cooling Loop","thermal","9","9","8","9","16572","105","3.24","cooling rating","2.109","","0.261","","","","first 10 tiers shown; Thermal is deferred and in-game curve is uncapped","Cooling is currently deferred; rows show the defined cost/draw curve."
"upgrade_tier","cooling","Cooling Loop","thermal","10","10","9","10","29167","145","3.52","cooling rating","2.373","","0.264","","","","first 10 tiers shown; Thermal is deferred and in-game curve is uncapped","Cooling is currently deferred; rows show the defined cost/draw curve."
"catalog_component","cpu-barebones-1","Barebones CPU","cpu","starter","","","","6","0","1","CPU cores","1.740","1.740","0.000","12.000","","0.044","finite catalog component SKU","Component idle draw uses this SKU with all other modules set to the Barebones PC baseline; PSU rows primarily report capacity. Component specs: 1 package(s), 1 core(s) @ 1 Hz, cache 1 b @ 1 Hz."
"catalog_component","cpu-sip-core","SIP Core","cpu","starter","","","","1250","18","2","CPU cores","14.820","14.820","13.080","12.000","","0.371","finite catalog component SKU","Component idle draw uses this SKU with all other modules set to the Barebones PC baseline; PSU rows primarily report capacity. Component specs: 1 package(s), 2 core(s) @ 6.4 Hz, cache 128 b @ 6.4 Hz."
"catalog_component","cpu-compile-die","Compile Die","cpu","compile","","","","4800","36","4","CPU cores","121.427","121.427","119.687","12.000","","3.036","finite catalog component SKU","Component idle draw uses this SKU with all other modules set to the Barebones PC baseline; PSU rows primarily report capacity. Component specs: 1 package(s), 4 core(s) @ 28.3 Hz, cache 512 b @ 28.3 Hz."
"catalog_component","cpu-render-array","Render Array","cpu","render","","","","18000","72","6","CPU cores","836.736","836.736","834.996","12.000","","20.918","finite catalog component SKU","Component idle draw uses this SKU with all other modules set to the Barebones PC baseline; PSU rows primarily report capacity. Component specs: 1 package(s), 6 core(s) @ 125.3 Hz, cache 2048 b @ 125.3 Hz."
"catalog_component","cpu-workstation-8","Workstation Octa","cpu","workstation","","","","58000","130","8","CPU cores","3540.362","3540.362","3538.622","12.000","","88.509","finite catalog component SKU","Component idle draw uses this SKU with all other modules set to the Barebones PC baseline; PSU rows primarily report capacity. Component specs: 1 package(s), 8 core(s) @ 381.8 Hz, cache 8192 b @ 381.8 Hz."
"catalog_component","cpu-workstation-12","Workstation Dodeca","cpu","workstation","","","","135000","220","12","CPU cores","24758.592","24758.592","24756.852","12.000","","618.965","finite catalog component SKU","Component idle draw uses this SKU with all other modules set to the Barebones PC baseline; PSU rows primarily report capacity. Component specs: 1 package(s), 12 core(s) @ 1688 Hz, cache 32768 b @ 1688 Hz."
"catalog_component","cpu-ghz-16","Workstation 16 Core Die","cpu","workstation","","","","420000","360","16","CPU cores","104325.208","104325.208","104323.468","12.000","","2608.130","finite catalog component SKU","Component idle draw uses this SKU with all other modules set to the Barebones PC baseline; PSU rows primarily report capacity. Component specs: 1 package(s), 16 core(s) @ 5145.9 Hz, cache 131072 b @ 5145.9 Hz."
"catalog_component","cpu-server-24","Server 24 Core Die","cpu","server","","","","760000","620","24","CPU cores","721843.530","721843.530","721841.790","12.000","","18046.088","finite catalog component SKU","Component idle draw uses this SKU with all other modules set to the Barebones PC baseline; PSU rows primarily report capacity. Component specs: 1 package(s), 24 core(s) @ 22747.6 Hz, cache 524288 b @ 22747.6 Hz."
"catalog_component","cpu-server-32","Server 32 Core Die","cpu","server","","","","1400000","900","32","CPU cores","3018606.728","3018606.728","3018604.988","12.000","","75465.168","finite catalog component SKU","Component idle draw uses this SKU with all other modules set to the Barebones PC baseline; PSU rows primarily report capacity. Component specs: 1 package(s), 32 core(s) @ 69349 Hz, cache 2097152 b @ 69349 Hz."
"catalog_component","cpu-server-48","Server 48 Core Die","cpu","server","","","","2400000","1350","48","CPU cores","14164914.782","14164914.782","14164913.042","12.000","","354122.870","finite catalog component SKU","Component idle draw uses this SKU with all other modules set to the Barebones PC baseline; PSU rows primarily report capacity. Component specs: 1 package(s), 48 core(s) @ 211419 Hz, cache 16777216 b @ 211419 Hz."
"catalog_component","cpu-server-64","Server 64 Core Die","cpu","server","","","","4800000","2000","64","CPU cores","40349088.492","40349088.492","40349086.752","12.000","","1008727.212","finite catalog component SKU","Component idle draw uses this SKU with all other modules set to the Barebones PC baseline; PSU rows primarily report capacity. Component specs: 1 package(s), 64 core(s) @ 444508.5 Hz, cache 134217728 b @ 444508.5 Hz."
"catalog_component","ram-none","No RAM","ram","starter","","","","0","0","0","b RAM capacity","1.740","1.740","0.000","12.000","","0.044","finite catalog component SKU","Component idle draw uses this SKU with all other modules set to the Barebones PC baseline; PSU rows primarily report capacity. Component specs: 0 stick(s), 0 b total, 0 b/stick @ 1 Hz."
"catalog_component","ram-1kb-basic","1 Kb RAM Kit","ram","starter","","","","1100","30","4096","b RAM capacity","3.745","3.745","2.005","12.000","","0.094","finite catalog component SKU","Component idle draw uses this SKU with all other modules set to the Barebones PC baseline; PSU rows primarily report capacity. Component specs: 4 stick(s), 4096 b total, 1024 b/stick @ 4 Hz."
"catalog_component","ram-2kb-fast","2 Kb RAM Kit","ram","compile","","","","3600","58","8192","b RAM capacity","4.534","4.534","2.794","12.000","","0.113","finite catalog component SKU","Component idle draw uses this SKU with all other modules set to the Barebones PC baseline; PSU rows primarily report capacity. Component specs: 4 stick(s), 8192 b total, 2048 b/stick @ 16 Hz."
"catalog_component","ram-4kb-work","4 Kb RAM Kit","ram","render","","","","12000","96","16384","b RAM capacity","5.367","5.367","3.627","12.000","","0.134","finite catalog component SKU","Component idle draw uses this SKU with all other modules set to the Barebones PC baseline; PSU rows primarily report capacity. Component specs: 4 stick(s), 16384 b total, 4096 b/stick @ 64 Hz."
"catalog_component","ram-16kb-workstation","16 Kb RAM Kit","ram","workstation","","","","42000","170","65536","b RAM capacity","6.498","6.498","4.758","12.000","","0.162","finite catalog component SKU","Component idle draw uses this SKU with all other modules set to the Barebones PC baseline; PSU rows primarily report capacity. Component specs: 4 stick(s), 65536 b total, 16384 b/stick @ 256 Hz."
"catalog_component","ram-64kb-workstation","64 Kb RAM Kit","ram","workstation","","","","115000","280","262144","b RAM capacity","7.676","7.676","5.936","12.000","","0.192","finite catalog component SKU","Component idle draw uses this SKU with all other modules set to the Barebones PC baseline; PSU rows primarily report capacity. Component specs: 4 stick(s), 262144 b total, 65536 b/stick @ 1024 Hz."
"catalog_component","ram-256kb-workstation","256 Kb RAM Kit","ram","workstation","","","","320000","440","2097152","b RAM capacity","16.046","16.046","14.306","12.000","","0.401","finite catalog component SKU","Component idle draw uses this SKU with all other modules set to the Barebones PC baseline; PSU rows primarily report capacity. Component specs: 8 stick(s), 2097152 b total, 262144 b/stick @ 4096 Hz."
"catalog_component","ram-512kb-server","512 Kb RAM Kit","ram","server","","","","680000","720","4194304","b RAM capacity","17.952","17.952","16.212","12.000","","0.449","finite catalog component SKU","Component idle draw uses this SKU with all other modules set to the Barebones PC baseline; PSU rows primarily report capacity. Component specs: 8 stick(s), 4194304 b total, 524288 b/stick @ 16384 Hz."
"catalog_component","ram-2mb-server","2 Mb RAM Kit","ram","server","","","","1600000","1050","16777216","b RAM capacity","20.495","20.495","18.755","12.000","","0.512","finite catalog component SKU","Component idle draw uses this SKU with all other modules set to the Barebones PC baseline; PSU rows primarily report capacity. Component specs: 8 stick(s), 16777216 b total, 2097152 b/stick @ 65536 Hz."
"catalog_component","ram-8mb-server","8 Mb RAM Kit","ram","server","","","","3400000","1600","67108864","b RAM capacity","23.091","23.091","21.351","12.000","","0.577","finite catalog component SKU","Component idle draw uses this SKU with all other modules set to the Barebones PC baseline; PSU rows primarily report capacity. Component specs: 8 stick(s), 67108864 b total, 8388608 b/stick @ 262144 Hz."
"catalog_component","scheduler-none","No System Scheduler","scheduler","starter","","","","0","0","0","system queue slots","1.740","1.740","0.000","12.000","","0.044","finite catalog component SKU","Component idle draw uses this SKU with all other modules set to the Barebones PC baseline; PSU rows primarily report capacity."
"catalog_component","scheduler-2-slot","2 Slot System Scheduler","scheduler","starter","","","","800","18","2","system queue slots","1.740","1.740","0.000","12.000","","0.044","finite catalog component SKU","Component idle draw uses this SKU with all other modules set to the Barebones PC baseline; PSU rows primarily report capacity."
"catalog_component","scheduler-4-slot","4 Slot System Scheduler","scheduler","compile","","","","2400","36","4","system queue slots","1.740","1.740","0.000","12.000","","0.044","finite catalog component SKU","Component idle draw uses this SKU with all other modules set to the Barebones PC baseline; PSU rows primarily report capacity."
"catalog_component","scheduler-6-slot","6 Slot System Scheduler","scheduler","render","","","","8000","68","6","system queue slots","1.740","1.740","0.000","12.000","","0.044","finite catalog component SKU","Component idle draw uses this SKU with all other modules set to the Barebones PC baseline; PSU rows primarily report capacity."
"catalog_component","scheduler-12-slot","12 Slot System Scheduler","scheduler","workstation","","","","38000","140","12","system queue slots","1.740","1.740","0.000","12.000","","0.044","finite catalog component SKU","Component idle draw uses this SKU with all other modules set to the Barebones PC baseline; PSU rows primarily report capacity."
"catalog_component","scheduler-24-slot","24 Slot System Scheduler","scheduler","server","","","","420000","520","24","system queue slots","1.740","1.740","0.000","12.000","","0.044","finite catalog component SKU","Component idle draw uses this SKU with all other modules set to the Barebones PC baseline; PSU rows primarily report capacity."
"catalog_component","psu-barebones","Barebones PSU","psu","starter","","","","2","0","12","mW PSU capacity","1.740","1.740","0.000","12.000","0.000","0.044","finite catalog component SKU","Component idle draw uses this SKU with all other modules set to the Barebones PC baseline; PSU rows primarily report capacity."
"catalog_component","psu-compact","Compact PSU","psu","starter","","","","900","0","11885","mW PSU capacity","1.740","1.740","0.000","11885.000","11873.000","0.044","finite catalog component SKU","Component idle draw uses this SKU with all other modules set to the Barebones PC baseline; PSU rows primarily report capacity."
"catalog_component","psu-balanced","Balanced PSU","psu","compile","","","","2800","0","99269","mW PSU capacity","1.740","1.740","0.000","99269.000","99257.000","0.044","finite catalog component SKU","Component idle draw uses this SKU with all other modules set to the Barebones PC baseline; PSU rows primarily report capacity."
"catalog_component","psu-headroom","Headroom PSU","psu","render","","","","9500","0","829103","mW PSU capacity","1.740","1.740","0.000","829103.000","829091.000","0.044","finite catalog component SKU","Component idle draw uses this SKU with all other modules set to the Barebones PC baseline; PSU rows primarily report capacity."
"catalog_component","psu-workstation","Workstation PSU","psu","workstation","","","","46000","0","11772080","mW PSU capacity","1.740","1.740","0.000","11772080.000","11772068.000","0.044","finite catalog component SKU","Component idle draw uses this SKU with all other modules set to the Barebones PC baseline; PSU rows primarily report capacity."
"catalog_component","psu-server","Server PSU","psu","server","","","","540000","0","167146701","mW PSU capacity","1.740","1.740","0.000","167146701.000","167146689.000","0.044","finite catalog component SKU","Component idle draw uses this SKU with all other modules set to the Barebones PC baseline; PSU rows primarily report capacity."
"machine_template","barebonesPc","Barebones PC","system","starter","","","","8","0","1.740","mW total idle draw","1.740","1.740","0.000","12.000","0.000","0.044","finite preconfigured machine template","Full idle draw for the template. PSU stress at idle: 0.145. Template components: cpu:cpu-barebones-1; ram:ram-none; scheduler:scheduler-none; psu:psu-barebones."
"machine_template","starterNode","Starter Node","system","starter","","","","4050","66","16.825","mW total idle draw","16.825","16.825","15.085","11885.000","11873.000","0.421","finite preconfigured machine template","Full idle draw for the template. PSU stress at idle: 0.001. Template components: cpu:cpu-sip-core; ram:ram-1kb-basic; scheduler:scheduler-2-slot; psu:psu-compact."
"machine_template","compileBox","Compile Box","system","compile","","","","13600","130","124.221","mW total idle draw","124.221","124.221","122.481","99269.000","99257.000","3.106","finite preconfigured machine template","Full idle draw for the template. PSU stress at idle: 0.001. Template components: cpu:cpu-compile-die; ram:ram-2kb-fast; scheduler:scheduler-4-slot; psu:psu-balanced."
"machine_template","renderBrick","Render Brick","system","render","","","","47500","236","840.363","mW total idle draw","840.363","840.363","838.623","829103.000","829091.000","21.009","finite preconfigured machine template","Full idle draw for the template. PSU stress at idle: 0.001. Template components: cpu:cpu-render-array; ram:ram-4kb-work; scheduler:scheduler-6-slot; psu:psu-headroom."
"machine_template","workstationTower","Workstation Tower","system","workstation","","","","824000","940","104339.514","mW total idle draw","104339.514","104339.514","104337.774","11772080.000","11772068.000","2608.488","finite preconfigured machine template","Full idle draw for the template. PSU stress at idle: 0.009. Template components: cpu:cpu-ghz-16; ram:ram-256kb-workstation; scheduler:scheduler-12-slot; psu:psu-workstation."
